label,base,years_active,zones_and_lanes,why_it_matters,in_field_guide
Merge,"Durham, NC",1989–,"Core: C6, C7, C3","Superchunk's label. Home to Fust, Friendship, Hiss Golden Messenger (from 2014) and many Carolina acts.",Y
Dear Life Records,"Asheville, NC",,"Core: C1, C5, C8, C3, C2","Small label tied to the Wednesday and Lenderman circle; also Florry, Thomas Dollbaum, Natalie Jane Hill and Fust.",Y
Anti-,Los Angeles,1999–,"Context/Core/V: V6, C5, C1, C3, C6","Released Manning Fireworks, Waxahatchee's recent records and Snocaps.",Y
Paradise of Bachelors,"Chapel Hill, NC",,"Core/V: C6, V5, C5, V4, C7","Twangy folk and cosmic country. Hiss Golden Messenger's Poor Moon launched it; later Nap Eyes, Promised Land Sound, Mega Bog.",Y
Sophomore Lounge,"Louisville, KY",,"Core: C2, C6, C3","Ryan Davis's label: State Champion, Styrofoam Winos, Grace Rogers and Arbor Labor Union's later records.",Y
Curation Records,California,,"Core: C6, C7","Dead-indebted guitar rock and jangle: Silver Synthetic, Sean Thompson's Weird Ears, Sunday Mourners, GospelbeacH, Beachwood Sparks.",Y
Keeled Scales,Austin,,"Core/V: C5, V1, C6, C1, C3","Soft Texas indie and folk: Lomelda, Will Johnson's later records, twain, Why Bonnie, Renée Reed.",Y
Exploding in Sound,Brooklyn,,,"The best archive of noisy slacker rock (Speedy Ortiz, Pile, Ovlov).",Y
Fire Talk,Brooklyn,,"Core: C1, C5, C6, C9","Adventurous indie rock, including Burlington's Robber Robber, Bnny and Wild Pink's Still Coming Down.",Y
Lame-O Records,Philadelphia,,"Core: C7, C9, C5, C1","Philly's DIY indie and power pop: Hurry, 2nd Grade, Golden Apples, Lily Seabird, Saintseneca.",Y
Drag City,Chicago,1990–,"Context/Core/V: V2, C6, C2, V4, X5","Silver Jews, Palace, Smog and early Pavement. The home of the deadpan lyrical tradition; later Purple Mountains and Cory Hanson.",Y
Bloodshot,Chicago,1994–,,"The '90s insurgent country label: Waco Brothers, Robbie Fulks, Neko Case, Ryan Adams, Lydia Loveless, Justin Townes Earle.",Y
SST,Southern California,1978–,"Context/V: X14, V15","'80s punk label for Minutemen, Hüsker Dü, Meat Puppets and Dinosaur Jr. The backbone of the punk-to-college-rock network.",Y
Twin/Tone,Minneapolis,1977–,,Early home of The Replacements; also Soul Asylum and the US Mekons.,Y
Flying Nun,New Zealand,1981–,V: V18,"The roots of jangly slacker rock: The Clean, The Chills, The Verlaines, The Bats.",Y
Matador,New York,1989–,"Core/V: C6, C7, V18","Pavement, Guided by Voices, Liz Phair, Yo La Tengo, Kurt Vile, Horsegirl: the slacker line from 1990 to now.",
Sub Pop,Seattle,1986–,"Context/Core/V: V4, V5, V12, C7, V10","Grunge first, then Iron & Wine, Fleet Foxes, Band of Horses, Arbor Labor Union, Scud Mountain Boys.",
Secretly Canadian,"Bloomington, IN",1996–,"Core/V: V1, C6, C5, V5, V12",Songs: Ohia and Magnolia Electric Co.; the label behind the Molina circle.,
Jagjaguwar,"Bloomington, IN",1996–,"Core/V: V5, V4, C6, C5, C7","Bon Iver, Angel Olsen and Okkervil River.",
Dead Oceans,"Bloomington, IN",2007–,"Context/Core/V: C6, V4, C4, X12","Phosphorescent, Bright Eyes' later records and Kevin Morby.",
Saddle Creek,"Omaha, NE",1993–,"Context/Core/V: C5, V4, C6, C9, V11","Bright Eyes, Cursive, Big Thief's first two albums and Hop Along.",
4AD,London,1980–,"Context/Core/V: V12, C5, V16, X9, C3",Big Thief from U.F.O.F. onward; earlier Tarnation and the Pixies.,
Thrill Jockey,Chicago,1992–,"Core/V: C6, V1, V8, V9, V2","Arbouretum, Howe Gelb and a post-rock roster beside the V.",
Woodsist,Brooklyn,2006–,"Core: C6, C7","Jeremy Earl's label: Woods, early Real Estate, Kurt Vile, White Fence.",
Run for Cover,Boston,2004–,"Context/Core: C9, X6",Horse Jumper of Love and the twangier end of emo and indie rock.,
Orindal Records,Chicago,,"Core/V: C4, C8, C2, C5, C1","Hushed songwriters: Friendship, Advance Base, Dan Wriggins, Little Kid, Karima Walker.",
Ruination Record Co.,,,"Core: C5, C2, C7, C8","Small folk and cosmic label: Erin Durant, Adeline Hotel, Frank Meadows.",
No Quarter,"Louisville, KY",,"Core/V: C5, V8, C6","Joan Shelley, Jana Horn and the Louisville folk circle.",
New West,Austin / Nashville,1998–,,"Later Old 97's, Corb Lund, Daniel Romano, The Deslondes, Esther Rose and Emily Nenni.",
Yep Roc,"Hillsborough, NC",1997–,"Core/V: C3, V9","Wednesday's early records, Trailer Bride, Jobi Riccio and much Americana.",
Lost Highway,Nashville,2000–,,"Ryan Adams, Lucinda Williams and the 2000s alt-country major-label boom.",
Last Chance Records,,,V: V3,"Southern storytelling network: American Aquarium, Two Cow Garage, Glossary, John Moreland, Adam Faucett.",
Loose Music,London,,"Core/V: V6, C1, V4",UK home for Americana; Brown Horse's label.,
Takoma,"Berkeley, CA",1959–,"V: V8, V19","John Fahey's label: the birth of American Primitive guitar (Fahey, Basho, Kottke).",
Capricorn,"Macon, GA",1969–,,The Allman Brothers Band and the Southern rock boom.,
Slash,Los Angeles,1978–,"V: V14, V15, V18","X, The Blasters, The Gun Club-era LA punk and roots rock.",
La Honda Records,,,V: V7,"Colter Wall, Vincent Neil Emerson and Riddy Arman.",
Oh Boy Records,Nashville,1981–,"Core/V: V25, V7, C2, V3, V6","John Prine's own label; now Kelsey Waldon, Arlo McKinley and Tre Burt.",
