lane_id,name,zone,era_span,definition,parent_lanes,child_lanes,key_scenes,key_labels
C1,Indie twang / yallternative,Core,2014–,"Loud, loose guitar rock with pedal steel and country phrasing, made by punk- and indie-raised bands in the 2010s–2020s; Crazy Horse tone, small-town detail, deadpan or drawled vocals.","V1, V3, V9, V20, V10, V2",,"Asheville; Burlington, Vermont; Philadelphia DIY",Dear Life Records; Topshelf Records; ANTI-; Keeled Scales; Loose Music
C2,Barroom storytellers and deadpan songwriters,Core,2014–,"Wordy, funny-sad songwriting in the John Prine / David Berman line: half-spoken vocals, long verses, jokes that turn into grief, bar-band or home-studio backing.","V2, V25, V13, V1",,Louisville and Sophomore Lounge; Asheville; Chicago Drag City; Philadelphia DIY,Sophomore Lounge; Gar Hole Records; Orindal Records; Wharf Cat Records; Drag City
C3,New alt-country and honky-tonk bands,Core,2014–,"2010s–2020s bands and songwriters playing recognizable country (honky-tonk, '90s country, bluegrass-inflected) with indie-scene provenance, labels, and audiences.","V9, V6, V26, V19, V7",,,Rounder Records; New West Records; Anti-; Keeled Scales; Verve Forecast Records
C4,Countrygaze and loud twang,Core,2018–,"Shoegaze- and noise-rock-scale guitar walls under pedal steel, twang, and country-song structures; the Wednesday template.","V12, V16, X9, V20, V3",,Asheville,Orindal Records; Dead Oceans; Sub-Fi; Manic Static; Acrobat Unstable Records
C5,Twangy indie folk,Core,2014–,"Hushed or fervent acoustic-led songwriting with fiddle, pedal steel, and open tunings, from Big Thief's circle outward; folk lineage from Townes and Gillian Welch through the 2010s Bandcamp scene.","V5, V8, V24, V25, V30, V11",,"Columbus; Chicago twang and DIY; Burlington, Vermont; Philadelphia DIY",No Quarter; Keeled Scales; 4AD; Ruination Record Co.; Saddle Creek
C6,Cosmic country and the '70s revival,Core,2005–,"Grateful Dead-, Gram Parsons- and Laurel Canyon-indebted guitar bands and songwriters: buttery lead guitar, harmonies, breezy tempos, long instrumental passages.","V21, V27, V20, V28, V8, V4",,Woodsist and Brooklyn; Nashville; Durham and Chapel Hill; Laurel Canyon,Woodsist; Dead Oceans; Secretly Canadian; Merge; Thrill Jockey
C7,"Slacker, jangle, and power-pop revival",Core,2008–,"2010s–2020s guitar pop descended from Pavement, GBV, Flying Nun and Big Star: jangle, fuzz, conversational lyrics, short songs, DIY release culture.","V10, V11, V17, V18, V16",,Philadelphia DIY; Chicago twang and DIY; Melbourne; Raleigh,Matador Records; Lame-O Records; Sub Pop; Double Double Whammy; Salinas Records
C8,Modern slowcore and hushed twang,Core,2014–,"Slow tempos, quiet dynamics, sparse arrangements and country-tinged melodies; the 2010s–2020s descendants of Low, Red House Painters, Duster and Bedhead, often with pedal steel.","V12, V5, V1, V2",,Boston; Philadelphia DIY; Chicago twang and DIY; Durham and Chapel Hill,Double Double Whammy; Captured Tracks; Run for Cover Records; Orindal Records; Dear Life Records
C9,Emo-twang crossovers,Core,2012–,"Bands from the emo and DIY punk circuit who folded country guitar, twang and Americana structures into emotional, anthemic rock.","X6, V10, V9, V3",,Asheville,Lame-O Records; Saddle Creek; Tiny Engines; Rough Trade; ATO Records
V1,Molina and the Magnolia circle,V,1996–2013,"Jason Molina's projects (Songs: Ohia, Magnolia Electric Co., solo) and the Secretly Canadian / Will Johnson orbit: haunted folk that grew into Crazy Horse-scale country rock.","V20, V12, V2, V25","C1, C2, C8",Denton,Secretly Canadian; Thrill Jockey; Keeled Scales; Idol/Munich; Misra/Munich
V2,Drag City deadpan school,V,1990–,"Silver Jews, Smog/Bill Callahan, Palace/Bonnie 'Prince' Billy and their Drag City kin: flat, wry, literary vocals over sparse or shambling country-tinged rock.","V25, V29, V11, V22","C1, C2, C8, V1",Chicago Drag City; Louisville and Sophomore Lounge,"Drag City; Thrill Jockey; Raccoon/Warner Bros.; Sub Pop; Sing, Eunuchs!"
V3,Southern storytelling rock,V,1996–,"Drive-By Truckers and the bands around them: three-guitar Southern rock carrying novelistic, unglamorous songs about the modern South.","V28, V13, V9, V25","C1, C4, C9","Athens, Georgia; Memphis; Denton; Muscle Shoals",New West Records; ATO Records; Last Chance Records; Liberty & Lament Records; Bloodshot Records
V4,Roots-inflected 2000s indie,V,1998–2013,"2000s indie rock that absorbed country, folk and Americana textures without becoming an alt-country band: Wilco after A.M., My Morning Jacket, Okkervil River, Calexico, Lambchop, Band of Horses.","V9, V16, V20, V22, V27","C1, C5, C6",Omaha and Saddle Creek; Durham and Chapel Hill,Sub Pop; Merge Records; dBpm Records; Dead Oceans; Jagjaguwar
V5,Rootsy indie folk,V,1996–,"Late-'90s to 2010s folk songwriters and duos with old-time, bluegrass and Appalachian roots rendered in indie terms: Gillian Welch, Iron & Wine, early Fleet Foxes, Bon Iver, Angel Olsen.","V25, V24, R1, V30, V8","C5, C8, X3, X5",Philadelphia DIY,Acony; Sub Pop; Jagjaguwar; Nonesuch; Paradise of Bachelors
V6,2000s–2010s alt-country,V,1998–,"Alt-country after the No Depression boom: Bloodshot and Lost Highway-era songwriters and bands (Neko Case, Ryan Adams, Richmond Fontaine, Lydia Loveless, Hurray for the Riff Raff).","V9, V13, V26, V6","C2, C3, V6, V7",New Orleans; Portland; Columbus; Durham and Chapel Hill,Bloodshot Records; New West Records; Lost Highway Records; Yep Roc Records; Decor Records
V7,Neo-traditional and 'new outlaw' country,V,2012–,"Independent country of the 2010s–2020s that reached back to outlaw, Bakersfield and honky-tonk styles: Sturgill Simpson, Tyler Childers, Margo Price, Colter Wall, Charley Crockett.","V23, V26, V24, V6","C3, X2",,New West Records; Son of Davy; Southeastern; Hickman Holler Records / RCA; High Top Mountain Records
V8,American Primitive and solo guitar,V,1959–,"Fingerstyle steel-string guitar from John Fahey and Takoma through Jack Rose, William Tyler, Marisa Anderson and Hayden Pedigo; instrumental Americana with drone and raga.",R1,"C5, C6, V5",Takoma; Philly Free Folk,Takoma; Tompkins Square; Three Lobed Recordings; Thrill Jockey; Vanguard
V9,No Depression and insurgent country,V,1987–1999,"The 1987–1999 alt-country boom: Uncle Tupelo, the Jayhawks, Son Volt, early Wilco, Whiskeytown, Old 97's, Bloodshot's insurgent-country roster and the Gothic country wing.","V14, V16, V21, V26, V23","C1, C3, C9, V3, V4, V6, X3",Chicago insurgent country; Belleville and St. Louis; Minneapolis; Durham and Chapel Hill,Bloodshot Records; Carrot Top Records; Rough Trade Records; Thrill Jockey; American Recordings
V10,Slacker and '90s indie rock,V,1989–1999,"Pavement, Archers of Loaf, Superchunk, Built to Spill, Silkworm, Polvo, early Modest Mouse: loose, off-kilter guitar rock with conversational vocals, Matador/Merge/Touch and Go culture.","V16, V17, V18, V29","C1, C7, C9",Durham and Chapel Hill; Boise; Olympia and K Records; Elephant 6,Matador Records; Merge Records; Up Records; Touch and Go Records; Sub Pop
V11,Lo-fi and home taping,V,1985–2000,"Four-track and cassette culture: Guided by Voices, Sebadoh, Daniel Johnston, Elephant 6, the Microphones, early Mountain Goats; home recording treated as an aesthetic.","V16, V29, V17","C5, C7, V2, X5",Western Mass DIY; Elephant 6; Dayton lo-fi; Olympia and K Records,K Records; Matador Records; Homestead Records; Sub Pop; Merge Records
V12,Slowcore and sadcore,V,1988–2000,"Galaxie 500, Low, Red House Painters, Codeine, Bedhead, Duster, American Music Club, Mazzy Star: slow tempos, quiet dynamics, sadness as method.","V29, V16, X9","C4, C8, V1",San Francisco; Minneapolis; Boston; Denton,4AD; Sub Pop; Vernon Yard; Rough Trade; Trance Syndicate
V13,Americana songwriters before the label,V,1986–1999,"Songwriters who bridged country, folk and rock before 'Americana' was a format: Lucinda Williams, Steve Earle's '90s, Vic Chesnutt, Victoria Williams, Dave Alvin, Joe Henry.","V24, V25, V19, V14","C2, V3, V6","Athens, Georgia; Austin; Laurel Canyon",HighTone Records; Mammoth Records; E-Squared Records; Texas Hotel Records; Atlantic Records
V14,Cowpunk and LA roots punk,V,1978–1990,"Punk bands who turned to country and rockabilly: X, the Blasters, the Gun Club, Rank and File, Lone Justice, Jason & the Scorchers, the Mekons' country turn.","X14, V26, V21","C3, V13, V15, V19, V9",LA cowpunk; Leeds; Austin; Memphis,Slash Records; Enigma Records; EMI America; Elektra Records; Slash/Warner Bros. Records
V15,Paisley Underground,V,1981–1989,"Early-'80s LA neo-psychedelia and roots rock: the Dream Syndicate, Green on Red, the Long Ryders, Rain Parade, Opal; Velvets and Byrds revived with punk energy.","V29, V21, V14","C6, V10, V9",Paisley Underground,Frontier; Enigma; Island; PVC; A&M
V16,American underground and college rock,V,1979–1991,"SST, Twin/Tone, Homestead and IRS-era bands: R.E.M., the Replacements, Hüsker Dü, Minutemen, Meat Puppets, Dinosaur Jr., Sonic Youth, Camper Van Beethoven, the Feelies.","X14, V29, V17, V20","C4, C7, V10, V11, V12, V4, V9, X6, X8","SST and San Pedro; Minneapolis; Boston; Athens, Georgia",SST Records; Homestead Records; Twin/Tone Records; I.R.S. Records; Sire Records
V17,"Jangle and power pop, Big Star to GBV",V,1972–1995,"Big Star, the dB's, Let's Active, Game Theory, Guadalcanal Diary, Teenage Fanclub, Velvet Crush: ringing guitars, harmonies, hooks in the Byrds/Beatles line.","V21, V29","C7, V10, V11, V16, V18","Memphis; Durham and Chapel Hill; Glasgow; Athens, Georgia",Enigma Records; Creation Records; Capitol Records; Epic Records; Elektra Records
V18,Flying Nun and Antipodean indie,V,1980–1995,"Dunedin and Australian indie: the Clean, the Chills, the Verlaines, Tall Dwarfs, the Bats, the Go-Betweens, the Triffids; homemade jangle and drone.","V29, V17","C7, V10",Dunedin; Brisbane,Flying Nun; Beggars Banquet; Merge Records; Missing Link; Rough Trade
V19,1980s country rebels,V,1980–1990,"Mainstream-adjacent country that fought Nashville's gloss: Steve Earle's Guitar Town era, Dwight Yoakam, Lyle Lovett, k.d. lang, the Desert Rose Band, Rosanne Cash.","V26, V23, V24, V14","C3, V13, V7, V9",Lubbock,Warner Bros.; MCA; Columbia; Reprise; MCA/Curb
V20,Neil Young and the Crazy Horse universe,V,1966–,"Buffalo Springfield, Neil Young's solo and Crazy Horse catalog, Crazy Horse's own records, CSNY: ragged electric guitar, high cracked voice, country and folk sides.","V22, V21, R1","C1, C4, C6, V1, V12, V16, V4, X8",Laurel Canyon,Reprise; Geffen; Atco; Atlantic; Epic
V21,Country rock and Cosmic American Music,V,1966–1977,"The Byrds, Gram Parsons, the Flying Burrito Brothers, Emmylou Harris, Gene Clark, Dillard & Clark, Michael Nesmith, Poco: '60s rock musicians playing sincere country.","V26, R1, V22","C6, V14, V15, V17, V20, V27, V9, X12, X13",Woodstock,A&M Records; Columbia; Epic Records; RCA Victor; Reprise Records
V22,Dylan and The Band,V,1965–1976,Bob Dylan from going electric through the Rolling Thunder era and The Band's catalog: the model for roots-conscious rock songwriting.,R1,"V2, V20, V21, V24, V25, V27, V28, V4, X13, X7",Woodstock; Greenwich Village folk; Muscle Shoals; New Orleans,Columbia; Capitol; Asylum; Arista; Warner Bros.
V23,Outlaw country,V,1971–1980,"Waylon Jennings, Willie Nelson, Billy Joe Shaver, Kris Kristofferson, Jessi Colter, David Allan Coe, Johnny Paycheck, Bobby Bare: Nashville outsiders with rock production and songwriter values.","V26, V24, R1","V19, V7, V9, X2",Nashville; Austin,RCA Victor; Columbia Records; Monument Records; Capitol Records; MGM Records
V24,Texas songwriters and progressive country,V,1968–1985,"Townes Van Zandt, Guy Clark, Jerry Jeff Walker, the Flatlanders, Joe Ely, Butch Hancock, Blaze Foley, Doug Sahm: Houston, Austin and Lubbock songwriting.","R1, V22, V26","C5, V13, V19, V23, V5, V7, X2",Austin; Houston folk clubs; Lubbock,Poppy; MCA; RCA Victor; Sugar Hill; A&M
V25,Country-folk storytellers,V,1967–1980,"John Prine, Tom T. Hall, Mickey Newbury, Steve Goodman, Bobbie Gentry, Lee Hazlewood, Karen Dalton: plainspoken narrative songwriting between folk and country.","R1, V22","C2, C5, V1, V13, V2, V3, V5",Chicago folk revival; Greenwich Village folk,Mercury; Capitol Records; Atlantic; Oh Boy Records; Columbia
V26,"Honky-tonk, Bakersfield, and hard country",V,1960–1980,"Merle Haggard, Buck Owens, George Jones, Loretta Lynn, Tammy Wynette, Dolly Parton, Johnny Cash, Gary Stewart, Wynn Stewart: the hard-country mainstream the V keeps returning to.",R1,"C3, V14, V19, V21, V23, V24, V28, V6, V7, V9, X1",Bakersfield,Capitol; RCA Victor; Epic; Columbia; Decca
V27,The Grateful Dead and California country-psych,V,1969–1975,"Workingman's Dead, American Beauty, Jerry Garcia's solo and bluegrass sides, New Riders of the Purple Sage: the Dead's country-folk turn and its jam offshoots.","V21, R1, V22","C6, V4",,Warner Bros.; Grateful Dead Records; Round Records; Columbia; Arista
V28,Southern rock and country soul,V,1969–1980,"The Allman Brothers, Lynyrd Skynyrd, the Marshall Tucker Band, Little Feat, Tony Joe White, Dan Penn, Muscle Shoals: Southern guitar rock and swamp soul.","V26, V22","C1, C6, V3, X11, X7",Capricorn and Jacksonville Southern rock; Muscle Shoals,Capricorn Records; Warner Bros. Records; MCA Records; Atco Records; Monument Records
V29,Velvet Underground and proto-indie,V,1967–1976,"The Velvet Underground, Lou Reed, Nico, the Modern Lovers/Jonathan Richman: drone, deadpan and amateurism as virtues.",,"V10, V11, V12, V15, V16, V17, V18, V2, X10, X14, X9",New York proto-punk and CBGB; Boston,RCA Records; Verve; Beserkley Records; Elektra Records; Reprise Records
V30,British folk rock (selective),V,1968–1975,"Fairport Convention, Sandy Denny, Richard & Linda Thompson, Nick Drake, Bert Jansch: the UK strand of folk rock that indie folk keeps citing.",R1,"C5, V5, X5",London folk clubs,Island Records; Transatlantic Records; Decca Records; Dandelion Records; Harvest
R1,Roots,V,before 1965,"Pre-1965 country, folk and bluegrass foundations: Carter Family, Jimmie Rodgers, Hank Williams, Harry Smith's Anthology, Woody Guthrie, the Louvins, the Everlys, Lefty Frizzell, Bob Wills, Sun-era Cash, Patsy Cline, Stanley Brothers, Bill Monroe.",,"V20, V21, V22, V23, V24, V25, V26, V27, V30, V5, V8, X1, X4",Memphis; Greenwich Village folk; Bakersfield,Columbia; Decca; Capitol; Folkways Records; Sun Records
X1,"Mainstream Nashville, countrypolitan to bro-country",Context,1960–,The commercial country mainstream from the Nashville Sound to bro-country and Morgan Wallen.,"V26, R1",X12,,Capitol; MCA Records; Warner Bros. Nashville; Capitol Nashville; Arista Nashville
X2,"Red Dirt, Texas country, and arena Americana",Context,1995–,Oklahoma/Texas scene country and the arena-scale Americana of Chris Stapleton and Zach Bryan.,"V24, V23, V7",,Red Dirt,Warner Records; Smith Music Group; Universal South; Universal/Republic; Bossier City Records
X3,Big-tent Americana and stomp-clap folk,Context,2000–,"Old Crow Medicine Show, the Avett Brothers, Mumford & Sons, the Lumineers, Brandi Carlile: the festival-scale Americana mainstream.","V5, V9, X4",,,Nettwerk; American Recordings; Island Records/Glassnote Records; Sub Pop; Dualtone
X4,"Bluegrass, old-time, and newgrass",Context,1965–,"Alison Krauss, Nickel Creek, Punch Brothers, Billy Strings, Molly Tuttle, Sierra Ferrell: the bluegrass line as its own tradition.",R1,X3,New Orleans,Rounder; Nonesuch; Starday Records; Sugar Hill; ANTI-
X5,"Chamber, baroque, and freak folk",Context,2000–2015,"Sufjan Stevens, Joanna Newsom, Devendra Banhart, Beirut, the Decemberists: ornate indie folk that leads elsewhere.","V5, V30, V11",,,Drag City; Asthmatic Kitty; Ba Da Bing; Young God; Kill Rock Stars
X6,Emo and Midwest emo,Context,1994–,"Cap'n Jazz, American Football, Modern Baseball: the emo line from which C9 borrows.","V16, X14",C9,,Sub Pop; Man With Gun; Crank!; Jade Tree; Polyvinyl
X7,Heartland rock,Context,1975–1995,"Springsteen, Petty, Mellencamp, Seger: arena-scale American rock that occasionally feeds the V (Nebraska).","V22, V28",,,Columbia; Capitol; Backstreet/MCA; Riva; MCA
X8,Grunge and '90s alt radio,Context,1988–1998,"Nirvana, Pearl Jam, Soundgarden, Mudhoney, Screaming Trees: the Seattle line and its radio aftermath.","V16, V20",,Seattle,Epic; Sub Pop; DGC Records; A&M
X9,Classic shoegaze and dream pop,Context,1988–1996,"My Bloody Valentine, Slowdive, Ride, Cocteau Twins, Swirlies: the guitar-wall vocabulary countrygaze borrows.",V29,"C4, V12",,Creation Records; 4AD; Dedicated Records; Taang! Records
X10,Post-punk and noise rock,Context,1977–,"Wire, Mission of Burma, Big Black, Fugazi, and modern post-punk like Robber Robber: the rhythmic, angular line adjacent to the scene.","X14, V29",,"Asheville; Burlington, Vermont",Harvest Records; Dischord Records; Ace of Hearts Records; Homestead Records; Touch and Go Records
X11,Modern Southern rock,Context,2005–,"Blackberry Smoke, Whiskey Myers: Southern rock's mainstream continuation.",V28,,,Wiggy Thump Records; Thirty Tigers; Tricki-Woo Records; BMG; Southern Ground
X12,Pop and indie artists' country turns,Context,2010–,"Kacey Musgraves, Orville Peck, CMAT, Beyoncé's Cowboy Carter: country as a mode for pop and indie artists.","X1, V21",,,CMATBaby/AWAL; Mercury Nashville; MCA Nashville; Sub Pop; Columbia
X13,Laurel Canyon and '70s soft rock,Context,1968–1980,"Joni Mitchell, CSN, Jackson Browne, the Eagles, Linda Ronstadt, Harry Nilsson: the LA singer-songwriter mainstream next door to country rock.","V21, V22",C6,Laurel Canyon,Asylum; Atlantic Records; RCA; Reprise; Capitol Records
X14,Punk and hardcore roots,Context,1976–1985,"Ramones, Black Flag, Minor Threat: the punk foundation under cowpunk, SST and the DIY network.",V29,"V14, V16, X10, X6",New York proto-punk and CBGB; SST and San Pedro,Sire; SST; CBS/Epic; Frontier Records; Cherry Red Records
