path,step,atlas_id,artist,album,year,lane,connection_to_next
MJ Lenderman to Neil Young: the Crazy Horse line,1,A0029,MJ Lenderman,Manning Fireworks,2024,C1 Indie twang / yallternative,"Manning Fireworks is the payoff of the Crazy Horse-toned, deadpan songwriting Lenderman worked out two years earlier on Boat Songs."
MJ Lenderman to Neil Young: the Crazy Horse line,2,A0015,MJ Lenderman,Boat Songs,2022,C1 Indie twang / yallternative,"Boat Songs' ragged, feedback-edged guitar solos resemble the heavy, Crazy Horse-indebted folk rock Arbouretum made in Baltimore a decade before."
MJ Lenderman to Neil Young: the Crazy Horse line,3,A0804,Arbouretum,The Gathering,2011,V1 Molina and the Magnolia circle,"The Gathering's long, heavy guitar passages sit close to Wilco's mid-2000s turn toward extended, Crazy Horse-style guitar playing."
MJ Lenderman to Neil Young: the Crazy Horse line,4,A1009,Wilco,A Ghost Is Born,2004,V4 Roots-inflected 2000s indie,A Ghost Is Born's guitar workouts arrived a year after Jason Molina made his own openly Crazy Horse-indebted record.
MJ Lenderman to Neil Young: the Crazy Horse line,5,A0787,Songs: Ohia,The Magnolia Electric Co.,2003,V1 Molina and the Magnolia circle,"The Magnolia Electric Co. sounds deeply indebted to Neil Young and Crazy Horse's ragged guitar rock, most directly to the barn-recorded roar of Ragged Glory."
MJ Lenderman to Neil Young: the Crazy Horse line,6,A2210,Neil Young and Crazy Horse,Ragged Glory,1990,V20 Neil Young and the Crazy Horse universe,"Ragged Glory's roar came after Dinosaur Jr. had spent the late '80s fusing Crazy Horse-scale guitar with hardcore volume, and it seems to have emboldened that whole noisy-guitar underground."
MJ Lenderman to Neil Young: the Crazy Horse line,7,A1976,Dinosaur Jr.,You're Living All Over Me,1987,V16 American underground and college rock,"You're Living All Over Me took the distorted Crazy Horse side of Rust Never Sleeps, the record punks cited as proof Young never went soft, and ran it through hardcore."
MJ Lenderman to Neil Young: the Crazy Horse line,8,A2198,Neil Young and Crazy Horse,Rust Never Sleeps,1979,V20 Neil Young and the Crazy Horse universe,Rust Never Sleeps' electric side is played by the same Young/Talbot/Molina/Sampedro Crazy Horse lineup that locked into place on Zuma.
MJ Lenderman to Neil Young: the Crazy Horse line,9,A2192,Neil Young and Crazy Horse,Zuma,1975,V20 Neil Young and the Crazy Horse universe,"Zuma came out the same year as Tonight's the Night, the bleak, earlier-recorded album made with Crazy Horse's rhythm section."
MJ Lenderman to Neil Young: the Crazy Horse line,10,A2191,Neil Young and Crazy Horse,Tonight's the Night,1975,V20 Neil Young and the Crazy Horse universe,"Tonight's the Night was made in mourning for Crazy Horse guitarist Danny Whitten, who fronted the band's own debut album four years earlier."
MJ Lenderman to Neil Young: the Crazy Horse line,11,A2184,Crazy Horse,Crazy Horse,1971,V20 Neil Young and the Crazy Horse universe,"Crazy Horse's debut gives the band an identity of its own, but its sound was first set on Everybody Knows This Is Nowhere, Young's first album with them."
MJ Lenderman to Neil Young: the Crazy Horse line,12,A2181,Neil Young,Everybody Knows This Is Nowhere,1969,V20 Neil Young and the Crazy Horse universe,"Everybody Knows This Is Nowhere followed Young's exit from Buffalo Springfield, where 'Broken Arrow' had already hinted at his long-form ambitions."
MJ Lenderman to Neil Young: the Crazy Horse line,13,A2178,Buffalo Springfield,Buffalo Springfield Again,1967,V20 Neil Young and the Crazy Horse universe,"Buffalo Springfield Again is the top of this line: the band where Neil Young started, before Crazy Horse."
Wednesday to the Allman Brothers: the Southern storytelling line,1,A0141,Wednesday,Rat Saw God,2023,C4 Countrygaze and loud twang,"Rat Saw God fuses Skynyrd-to-Drive-By-Truckers storytelling with Sonic Youth-style guitar noise, and the band's covers set from the year before puts its influences in plain sight."
Wednesday to the Allman Brothers: the Southern storytelling line,2,A0136,Wednesday,Mowing the Leaves Instead of Piling 'em Up,2022,C4 Countrygaze and loud twang,"Mowing the Leaves Instead of Piling 'em Up filters country, indie and classic-rock covers through the same blown-out, pedal-steel sound Wednesday first recorded in full on Twin Plagues."
Wednesday to the Allman Brothers: the Southern storytelling line,3,A0133,Wednesday,Twin Plagues,2021,C4 Countrygaze and loud twang,"Twin Plagues grafts noise textures onto Southern storytelling in the Skynyrd-to-Drive-By Truckers line, and that line's modern model is Decoration Day."
Wednesday to the Allman Brothers: the Southern storytelling line,4,A0910,Drive-By Truckers,Decoration Day,2003,V3 Southern storytelling rock,Decoration Day builds on the harmonized three-guitar sound the Truckers established on Southern Rock Opera.
Wednesday to the Allman Brothers: the Southern storytelling line,5,A0903,Drive-By Truckers,Southern Rock Opera,2001,V3 Southern storytelling rock,"Southern Rock Opera is built explicitly on Lynyrd Skynyrd's story, and its climax is the 1977 plane crash that followed the release of Street Survivors."
Wednesday to the Allman Brothers: the Southern storytelling line,6,A2605,Lynyrd Skynyrd,Street Survivors,1977,V28 Southern rock and country soul,Street Survivors closes the original Skynyrd lineup's catalog in the same mid-'70s South where Gary Stewart was making honky-tonk sound like rock.
Wednesday to the Allman Brothers: the Southern storytelling line,7,A2534,Gary Stewart,Out of Hand,1975,"V26 Honky-tonk, Bakersfield, and hard country","Out of Hand's raw, rock-inflected honky-tonk resembles the country-leaning side of Skynyrd heard on Second Helping."
Wednesday to the Allman Brothers: the Southern storytelling line,8,A2594,Lynyrd Skynyrd,Second Helping,1974,V28 Southern rock and country soul,"Second Helping follows directly from the band's debut, which established the Jacksonville three-guitar sound."
Wednesday to the Allman Brothers: the Southern storytelling line,9,A2588,Lynyrd Skynyrd,(Pronounced 'Lĕh-'nérd 'Skin-'nérd),1973,V28 Southern rock and country soul,"Skynyrd's debut sounds indebted to the extended, dual-lead-guitar approach of the Allman Brothers' At Fillmore East."
Wednesday to the Allman Brothers: the Southern storytelling line,10,A2579,The Allman Brothers Band,At Fillmore East,1971,V28 Southern rock and country soul,At Fillmore East stretches out the blues-and-jazz guitar interplay first set down on the Allmans' 1969 debut.
Wednesday to the Allman Brothers: the Southern storytelling line,11,A2572,The Allman Brothers Band,The Allman Brothers Band,1969,V28 Southern rock and country soul,"The Allmans' debut arrived the same year as the Band's second album, whose novelistic Southern storytelling the Allmans and, decades later, the Drive-By Truckers sound indebted to."
Wednesday to the Allman Brothers: the Southern storytelling line,12,A2302,The Band,The Band,1969,V22 Dylan and The Band,"The Band sits at the top of the Southern storytelling line, the root of the character songs Wednesday tells today."
villagerrr to the Velvet Underground: the home-taping line,1,A0272,villagerrr,Tear Your Heart Out,2024,C5 Twangy indie folk,"Tear Your Heart Out brought villagerrr's homemade Ohio songwriting to a wider audience, a step up from the 2022 run of self-released uploads that includes OHIOAN."
villagerrr to the Velvet Underground: the home-taping line,2,A0226,villagerrr,OHIOAN,2022,C5 Twangy indie folk,OHIOAN's regional focus comes from the same quick 2022 run of self-released albums as Like Leaves.
villagerrr to the Velvet Underground: the home-taping line,3,A0225,villagerrr,Like Leaves,2022,C5 Twangy indie folk,"Like Leaves' quiet, homemade Midwestern folk resembles the hushed early records of another Ohio-born songwriter, Jason Molina."
villagerrr to the Velvet Underground: the home-taping line,4,A0784,Songs: Ohia,Didn't It Rain,2002,V1 Molina and the Magnolia circle,"Didn't It Rain came out the same year as the Mountain Goats' All Hail West Texas, the other great early-2000s record of plain songs, barely dressed."
villagerrr to the Velvet Underground: the home-taping line,5,A1689,The Mountain Goats,All Hail West Texas,2002,V11 Lo-fi and home taping,"All Hail West Texas is John Darnielle's full-album return to boombox recording, the same home-taping method Elliott Smith used on four-track in the mid-'90s."
villagerrr to the Velvet Underground: the home-taping line,6,A1653,Elliott Smith,Elliott Smith,1995,V11 Lo-fi and home taping,"Elliott Smith's four-track method descends from the basement-tape aesthetic that Guided by Voices, from Dayton, Ohio, legitimized with Bee Thousand."
villagerrr to the Velvet Underground: the home-taping line,7,A1647,Guided by Voices,Bee Thousand,1994,V11 Lo-fi and home taping,"Bee Thousand made four-track home recording an aesthetic, alongside Sebadoh, the band Lou Barlow built from his home tapes."
villagerrr to the Velvet Underground: the home-taping line,8,A1633,Sebadoh,III,1991,V11 Lo-fi and home taping,"Sebadoh III's four-track ethos sounds deeply indebted to Daniel Johnston's cassettes, handed out around Austin a decade earlier."
villagerrr to the Velvet Underground: the home-taping line,9,A1625,Daniel Johnston,"Hi, How Are You",1983,V11 Lo-fi and home taping,"Hi, How Are You's plain, childlike directness resembles Jonathan Richman's songs with the Modern Lovers."
villagerrr to the Velvet Underground: the home-taping line,10,A2631,The Modern Lovers,The Modern Lovers,1976,V29 Velvet Underground and proto-indie,"Richman was an avowed Velvet Underground devotee, and John Cale produced some of the Modern Lovers sessions."
villagerrr to the Velvet Underground: the home-taping line,11,A2617,The Velvet Underground,The Velvet Underground,1969,V29 Velvet Underground and proto-indie,The Velvet Underground's quiet third album is the top of this line: guitar-based intimacy that home-tapers and slowcore bands have chased ever since.
Big Thief to Woody Guthrie: the folk songwriting line,1,A0210,Big Thief,Dragon New Warm Mountain I Believe in You,2022,C5 Twangy indie folk,"Dragon New Warm Mountain I Believe in You shares its songwriter, Adrianne Lenker, with the cabin-recorded solo album songs."
Big Thief to Woody Guthrie: the folk songwriting line,2,A0188,Adrianne Lenker,songs,2020,C5 Twangy indie folk,"songs strips Lenker's writing to voice and guitar, the same quiet mode heard on Big Thief's atmospheric U.F.O.F."
Big Thief to Woody Guthrie: the folk songwriting line,3,A0176,Big Thief,U.F.O.F.,2019,C5 Twangy indie folk,"U.F.O.F. pulls the band's folk songwriting toward atmosphere and space, opening out the confessional songs of Capacity."
Big Thief to Woody Guthrie: the folk songwriting line,4,A0162,Big Thief,Capacity,2017,C5 Twangy indie folk,"Capacity deepens the songwriting first heard on the band's debut, Masterpiece."
Big Thief to Woody Guthrie: the folk songwriting line,5,A0158,Big Thief,Masterpiece,2016,C5 Twangy indie folk,Masterpiece sounds indebted to the folk-songwriting line that runs through Gillian Welch.
Big Thief to Woody Guthrie: the folk songwriting line,6,A1091,Gillian Welch,Time (The Revelator),2001,V5 Rootsy indie folk,"Time (The Revelator)'s long, patient songs grow from the stark duo arrangements of Hell Among the Yearlings."
Big Thief to Woody Guthrie: the folk songwriting line,7,A1089,Gillian Welch,Hell Among the Yearlings,1998,V5 Rootsy indie folk,Hell Among the Yearlings continues directly from Revival's Stanley Brothers and Carter Family influence.
Big Thief to Woody Guthrie: the folk songwriting line,8,A1088,Gillian Welch,Revival,1996,V5 Rootsy indie folk,Revival's hushed duo template sits in the folk lineage that runs from the Carter Family through Townes Van Zandt.
Big Thief to Woody Guthrie: the folk songwriting line,9,A2386,Townes Van Zandt,Our Mother the Mountain,1969,V24 Texas songwriters and progressive country,"Our Mother the Mountain came out of the late-'60s Houston folk clubs, part of the folk revival Dylan's Freewheelin' had turned toward songwriting."
Big Thief to Woody Guthrie: the folk songwriting line,10,A2692,Bob Dylan,The Freewheelin' Bob Dylan,1963,R1 Roots,"Freewheelin' established Dylan as a songwriter, drawing on the songbook the Anthology of American Folk Music had made available."
Big Thief to Woody Guthrie: the folk songwriting line,11,A2672,Various Artists,Anthology of American Folk Music,1952,R1 Roots,"The Anthology gathered the Carter Family and their generation, whose melodies Woody Guthrie borrowed."
Big Thief to Woody Guthrie: the folk songwriting line,12,A2670,Woody Guthrie,Dust Bowl Ballads,1940,R1 Roots,Dust Bowl Ballads is the top of the folk-songwriting line; Dylan modeled his early persona on Guthrie.
Greg Freeman to Blonde on Blonde: country played by punk kids,1,A0036,Greg Freeman,Burnover,2025,C1 Indie twang / yallternative,Burnover builds on Freeman's place in the Burlington scene alongside Lily Seabird.
Greg Freeman to Blonde on Blonde: country played by punk kids,2,A0264,Lily Seabird,Alas,2024,C5 Twangy indie folk,Alas comes out of the same Burlington indie-folk-and-rock scene whose twang Florry's Philadelphia records sound of a piece with.
Greg Freeman to Blonde on Blonde: country played by punk kids,3,A0019,Florry,The Holey Bible,2023,C1 Indie twang / yallternative,"The Holey Bible's caustic Dear Life Records twang sounds close to Greg Freeman's cult breakthrough, I Looked Out."
Greg Freeman to Blonde on Blonde: country played by punk kids,4,A0014,Greg Freeman,I Looked Out,2022,C1 Indie twang / yallternative,"I Looked Out's loud, ragged indie-twang resembles the Bloodshot Records cowpunk of Lydia Loveless."
Greg Freeman to Blonde on Blonde: country played by punk kids,5,A1236,Lydia Loveless,Indestructible Machine,2011,V6 2000s–2010s alt-country,Indestructible Machine places Loveless in the Bloodshot lineage that runs back through Whiskeytown and the Old 97's.
Greg Freeman to Blonde on Blonde: country played by punk kids,6,A1497,Whiskeytown,Strangers Almanac,1997,V9 No Depression and insurgent country,Strangers Almanac comes out of the same mid-'90s insurgent-country wave as the Old 97's.
Greg Freeman to Blonde on Blonde: country played by punk kids,7,A1472,Old 97's,Wreck Your Life,1995,V9 No Depression and insurgent country,"Wreck Your Life made the Old 97's the flagship Texas band on Bloodshot, a roster that sounds indebted to Uncle Tupelo."
Greg Freeman to Blonde on Blonde: country played by punk kids,8,A1459,Uncle Tupelo,Anodyne,1993,V9 No Depression and insurgent country,Anodyne is the culmination of the arc Uncle Tupelo began on No Depression.
Greg Freeman to Blonde on Blonde: country played by punk kids,9,A1449,Uncle Tupelo,No Depression,1990,V9 No Depression and insurgent country,No Depression splices Hüsker Dü-style volume onto Carter Family country.
Greg Freeman to Blonde on Blonde: country played by punk kids,10,A1952,Hüsker Dü,New Day Rising,1985,V16 American underground and college rock,"New Day Rising came out the same year as Tim by the Replacements, Hüsker Dü's Minneapolis peers."
Greg Freeman to Blonde on Blonde: country played by punk kids,11,A1956,The Replacements,Tim,1985,V16 American underground and college rock,"Tim's college-radio punk shared 1985 with the Knitters, the side project in which members of X and the Blasters played straight country."
Greg Freeman to Blonde on Blonde: country played by punk kids,12,A1867,The Knitters,Poor Little Critter on the Road,1985,V14 Cowpunk and LA roots punk,"Poor Little Critter on the Road is the clearest statement of punk kids playing country, alongside Nashville's Jason & the Scorchers, whose Fervor brought cowpunk to a national audience."
Greg Freeman to Blonde on Blonde: country played by punk kids,13,A1852,Jason & the Scorchers,Fervor,1983,V14 Cowpunk and LA roots punk,"Fervor includes the Scorchers' cover of Bob Dylan's 'Absolutely Sweet Marie,' from Blonde on Blonde."
Greg Freeman to Blonde on Blonde: country played by punk kids,14,A2299,Bob Dylan,Blonde on Blonde,1966,V22 Dylan and The Band,"Blonde on Blonde, cut largely with Nashville session players, is the top of this line: a rock songwriter taking his songs to country's capital."
Waxahatchee to Kitty Wells: the women's-eye country line,1,A0110,Waxahatchee,Tigers Blood,2024,C3 New alt-country and honky-tonk bands,"Tigers Blood, with MJ Lenderman on guitar, continues the country-facing sound Crutchfield developed with Jess Williamson in Plains."
Waxahatchee to Kitty Wells: the women's-eye country line,2,A0098,Plains,I Walked with You a Ways,2022,C3 New alt-country and honky-tonk bands,I Walked with You a Ways is a direct offshoot of the country pivot Crutchfield made on Saint Cloud.
Waxahatchee to Kitty Wells: the women's-eye country line,3,A0094,Waxahatchee,Saint Cloud,2020,C3 New alt-country and honky-tonk bands,Saint Cloud's Southern country songwriting has often been compared to Lucinda Williams's Car Wheels on a Gravel Road.
Waxahatchee to Kitty Wells: the women's-eye country line,4,A1820,Lucinda Williams,Car Wheels on a Gravel Road,1998,V13 Americana songwriters before the label,"Car Wheels on a Gravel Road is the culmination of songwriting Williams had been building since the early '90s, when Iris DeMent was writing in a similarly plainspoken vein."
Waxahatchee to Kitty Wells: the women's-eye country line,5,A1785,Iris DeMent,Infamous Angel,1992,V13 Americana songwriters before the label,"Infamous Angel's plain, Ozark-rooted songwriting is close kin to Lucinda Williams's breakthrough self-titled album."
Waxahatchee to Kitty Wells: the women's-eye country line,6,A1774,Lucinda Williams,Lucinda Williams,1988,V13 Americana songwriters before the label,"Lucinda Williams arrived a year after Trio, which brought Dolly Parton's Appalachian hard country into Emmylou Harris's circle."
Waxahatchee to Kitty Wells: the women's-eye country line,7,A2154,"Dolly Parton, Linda Ronstadt and Emmylou Harris",Trio,1987,V19 1980s country rebels,Trio's Dolly Parton had made her own songwriting the center of her records with Coat of Many Colors.
Waxahatchee to Kitty Wells: the women's-eye country line,8,A2519,Dolly Parton,Coat of Many Colors,1971,"V26 Honky-tonk, Bakersfield, and hard country",Coat of Many Colors came out the same year as Loretta Lynn's autobiographical Coal Miner's Daughter.
Waxahatchee to Kitty Wells: the women's-eye country line,9,A2520,Loretta Lynn,Coal Miner's Daughter,1971,"V26 Honky-tonk, Bakersfield, and hard country",Coal Miner's Daughter extends the blunt first-person voice Lynn introduced on Don't Come Home A-Drinkin'.
Waxahatchee to Kitty Wells: the women's-eye country line,10,A2497,Loretta Lynn,Don't Come Home A-Drinkin' (With Lovin' on Your Mind),1967,"V26 Honky-tonk, Bakersfield, and hard country",Don't Come Home A-Drinkin' came from a singer who counted Patsy Cline as a friend and early champion.
Waxahatchee to Kitty Wells: the women's-eye country line,11,A2689,Patsy Cline,Showcase,1961,R1 Roots,Showcase's torch-style vocals followed the path Kitty Wells had cleared for women singing frankly in country.
Waxahatchee to Kitty Wells: the women's-eye country line,12,A2673,Kitty Wells,Kitty Wells' Country Hit Parade,1956,R1 Roots,Kitty Wells' Country Hit Parade is the top of this line: the plainspoken woman's-eye view in country music.
Ryan Davis & the Roadhouse Band to John Prine: the deadpan line,1,A0083,Ryan Davis & the Roadhouse Band,New Threats from the Soul,2025,C2 Barroom storytellers and deadpan songwriters,New Threats from the Soul continues the long-form storytelling Davis launched with the Roadhouse Band on Dancing on the Edge.
Ryan Davis & the Roadhouse Band to John Prine: the deadpan line,2,A0071,Ryan Davis & the Roadhouse Band,Dancing on the Edge,2023,C2 Barroom storytellers and deadpan songwriters,"Dancing on the Edge sounds indebted to David Berman, whose last album came out as Purple Mountains."
Ryan Davis & the Roadhouse Band to John Prine: the deadpan line,3,A0059,Purple Mountains,Purple Mountains,2019,C2 Barroom storytellers and deadpan songwriters,"Purple Mountains came out a year after Send Flowers, Davis's last record with State Champion, which was working the same Berman line."
Ryan Davis & the Roadhouse Band to John Prine: the deadpan line,4,A0056,State Champion,Send Flowers,2018,C2 Barroom storytellers and deadpan songwriters,"Send Flowers is a direct predecessor to the Roadhouse Band, grown from State Champion's earlier Fantasy Error."
Ryan Davis & the Roadhouse Band to John Prine: the deadpan line,5,A0053,State Champion,Fantasy Error,2015,C2 Barroom storytellers and deadpan songwriters,Fantasy Error sounds indebted to the Drag City lineage that runs to Silver Jews' Nashville-era Tanglewood Numbers.
Ryan Davis & the Roadhouse Band to John Prine: the deadpan line,6,A0872,Silver Jews,Tanglewood Numbers,2005,V2 Drag City deadpan school,"Tanglewood Numbers continues the Silver Jews' full-band Nashville sound that grew out of the wry, novelistic writing of American Water."
Ryan Davis & the Roadhouse Band to John Prine: the deadpan line,7,A0848,Silver Jews,American Water,1998,V2 Drag City deadpan school,"American Water came out on Drag City, the Chicago label that also released Will Oldham's Palace records."
Ryan Davis & the Roadhouse Band to John Prine: the deadpan line,8,A0832,Palace Music,Viva Last Blues,1995,V2 Drag City deadpan school,"Viva Last Blues is the fullest band record by Louisville's Palace, Drag City labelmates of the early Silver Jews."
Ryan Davis & the Roadhouse Band to John Prine: the deadpan line,9,A0829,Silver Jews,Starlite Walker,1994,V2 Drag City deadpan school,Starlite Walker sounds indebted to Prine- and Dylan-style talking-blues songwriting.
Ryan Davis & the Roadhouse Band to John Prine: the deadpan line,10,A2463,John Prine,Sweet Revenge,1973,V25 Country-folk storytellers,"Sweet Revenge pulls Prine's storytelling toward honky-tonk, and his closest narrative peer in that world is Tom T. Hall."
Ryan Davis & the Roadhouse Band to John Prine: the deadpan line,11,A2461,Tom T. Hall,The Storyteller,1972,V25 Country-folk storytellers,The Storyteller's plain first-person narratives make Hall a direct peer of Prine's debut.
Ryan Davis & the Roadhouse Band to John Prine: the deadpan line,12,A2447,John Prine,John Prine,1971,V25 Country-folk storytellers,John Prine is the top of the deadpan line: the funny-sad storytelling that runs through Drag City to Davis.
"Brown Horse to the Velvet Underground: Molina and the slow, sad, noisy line",1,A0033,Brown Horse,All The Right Weaknesses,2025,C1 Indie twang / yallternative,"All the Right Weaknesses sounds indebted to Jason Molina, as did the band's debut, Reservoir."
"Brown Horse to the Velvet Underground: Molina and the slow, sad, noisy line",2,A0023,Brown Horse,Reservoir,2024,C1 Indie twang / yallternative,"Reservoir's Crazy Horse-steeped alt-country resembles Magnolia Electric Co.'s full-band sound, which closed out on Josephine."
"Brown Horse to the Velvet Underground: Molina and the slow, sad, noisy line",3,A0803,Magnolia Electric Co.,Josephine,2009,V1 Molina and the Magnolia circle,"Josephine closes Magnolia Electric Co.'s studio catalog, the same year Molina made a duo album with Centro-matic's Will Johnson."
"Brown Horse to the Velvet Underground: Molina and the slow, sad, noisy line",4,A0802,Jason Molina and Will Johnson,Molina and Johnson,2009,V1 Molina and the Magnolia circle,"Molina and Johnson makes explicit the kinship between Magnolia Electric Co. and the Denton scene, which ran parallel to What Comes After the Blues."
"Brown Horse to the Velvet Underground: Molina and the slow, sad, noisy line",5,A0792,Magnolia Electric Co.,What Comes After the Blues,2005,V1 Molina and the Magnolia circle,What Comes After the Blues extends into full-band country rock the haunted gospel sound of Didn't It Rain.
"Brown Horse to the Velvet Underground: Molina and the slow, sad, noisy line",6,A0784,Songs: Ohia,Didn't It Rain,2002,V1 Molina and the Magnolia circle,"Didn't It Rain bridges Molina's solo Songs: Ohia records and the full band, following Ghost Tropic, his most slowcore album."
"Brown Horse to the Velvet Underground: Molina and the slow, sad, noisy line",7,A0777,Songs: Ohia,Ghost Tropic,2000,V1 Molina and the Magnolia circle,"Ghost Tropic sounds indebted to Low- and Codeine-style slowcore, the tempo and mood Duster also borrowed."
"Brown Horse to the Velvet Underground: Molina and the slow, sad, noisy line",8,A1740,Duster,Stratosphere,1998,V12 Slowcore and sadcore,Stratosphere filters the tempo and mood of Low and Codeine through lo-fi home recording.
"Brown Horse to the Velvet Underground: Molina and the slow, sad, noisy line",9,A1718,Low,I Could Live in Hope,1994,V12 Slowcore and sadcore,"I Could Live in Hope sounds indebted to Galaxie 500's pacing, and Red House Painters were stretching that same pacing longer and starker."
"Brown Horse to the Velvet Underground: Molina and the slow, sad, noisy line",10,A1705,Red House Painters,Down Colorful Hill,1992,V12 Slowcore and sadcore,"Down Colorful Hill's slow, confessional songs sit beside Codeine as early templates for American slowcore."
"Brown Horse to the Velvet Underground: Molina and the slow, sad, noisy line",11,A1702,Codeine,Frigid Stars,1991,V12 Slowcore and sadcore,Frigid Stars stands with Galaxie 500 as an early slowcore template.
"Brown Horse to the Velvet Underground: Molina and the slow, sad, noisy line",12,A1695,Galaxie 500,Today,1988,V12 Slowcore and sadcore,"Today is tied to the Velvet Underground's hushed third album, and covers Jonathan Richman."
"Brown Horse to the Velvet Underground: Molina and the slow, sad, noisy line",13,A2617,The Velvet Underground,The Velvet Underground,1969,V29 Velvet Underground and proto-indie,The Velvet Underground's quiet third album is the top of this line: slowcore's founding hush.
Hiss Golden Messenger to the International Submarine Band: Cosmic American Music,1,A0345,Hiss Golden Messenger,Lateness of Dancers,2014,C6 Cosmic country and the '70s revival,"Lateness of Dancers grows out of the homemade folk of Haw into a fuller, Dead-indebted country-rock sound."
Hiss Golden Messenger to the International Submarine Band: Cosmic American Music,2,A1069,Hiss Golden Messenger,Haw,2013,V4 Roots-inflected 2000s indie,Haw continues the path toward a full band that began with Poor Moon.
Hiss Golden Messenger to the International Submarine Band: Cosmic American Music,3,A1061,Hiss Golden Messenger,Poor Moon,2011,V4 Roots-inflected 2000s indie,"Poor Moon is a direct continuation of Bad Debt, released on the newly founded Paradise of Bachelors label."
Hiss Golden Messenger to the International Submarine Band: Cosmic American Music,4,A1054,Hiss Golden Messenger,Bad Debt,2010,V4 Roots-inflected 2000s indie,Bad Debt's lo-fi country folk arrived as the 2000s cosmic-country revival that Beachwood Sparks helped set up was taking hold.
Hiss Golden Messenger to the International Submarine Band: Cosmic American Music,5,A0984,Beachwood Sparks,Beachwood Sparks,2000,V4 Roots-inflected 2000s indie,"Beachwood Sparks is a direct descendant of Gram Parsons, whose story Emmylou Harris turned into a concept album on The Ballad of Sally Rose."
Hiss Golden Messenger to the International Submarine Band: Cosmic American Music,6,A2145,Emmylou Harris,The Ballad of Sally Rose,1985,V19 1980s country rebels,"The Ballad of Sally Rose directly processes Harris's history with Gram Parsons and his last album, Grievous Angel."
Hiss Golden Messenger to the International Submarine Band: Cosmic American Music,7,A2286,Gram Parsons,Grievous Angel,1974,V21 Country rock and Cosmic American Music,"Grievous Angel distills Cosmic American Music, which the Grateful Dead's 1970 country records answered from San Francisco."
Hiss Golden Messenger to the International Submarine Band: Cosmic American Music,8,A2551,Grateful Dead,American Beauty,1970,V27 The Grateful Dead and California country-psych,American Beauty is a direct sequel to Workingman's Dead in sound and method.
Hiss Golden Messenger to the International Submarine Band: Cosmic American Music,9,A2552,Grateful Dead,Workingman's Dead,1970,V27 The Grateful Dead and California country-psych,"Workingman's Dead grew out of the country-rock turn the Byrds and Gram Parsons made, most fully on The Gilded Palace of Sin."
Hiss Golden Messenger to the International Submarine Band: Cosmic American Music,10,A2256,The Flying Burrito Brothers,The Gilded Palace of Sin,1969,V21 Country rock and Cosmic American Music,The Gilded Palace of Sin carried Parsons and Chris Hillman's Byrds-honed country turn into the Flying Burrito Brothers.
Hiss Golden Messenger to the International Submarine Band: Cosmic American Music,11,A2246,The Byrds,Sweetheart of the Rodeo,1968,V21 Country rock and Cosmic American Music,"Sweetheart of the Rodeo made the Byrds a country band once Parsons joined, bringing the sound he had already invented with the International Submarine Band."
Hiss Golden Messenger to the International Submarine Band: Cosmic American Music,12,A2252,International Submarine Band,Safe at Home,1968,V21 Country rock and Cosmic American Music,"Safe at Home is the top of the Cosmic American Music line: Parsons' first country-rock record, cut before Sweetheart of the Rodeo."
