scene,place,years,key_labels,key_artists,note
Asheville,"Asheville, NC",2017–,"Dear Life Records, Drop of Sun (studio)","Wednesday, MJ Lenderman, Karly Hartzman, Indigo De Souza, Florry-adjacent players","The circle around Wednesday and Lenderman: shared members, the Drop of Sun studio, and a loud, pedal-steel-laced sound that became the template for indie twang."
Durham and Chapel Hill,"Durham and Chapel Hill, NC",1989–,"Merge, Paradise of Bachelors, Dear Life","Superchunk, Archers of Loaf, Hiss Golden Messenger, Mount Moriah, Fust, Sluice","The Triangle's two eras: Merge-era '90s indie rock, then a roots-leaning scene around Paradise of Bachelors and Dear Life."
Raleigh,"Raleigh, NC",1994–,"Mammoth, Bloodshot","Whiskeytown, Tift Merritt, Caitlin Cary",Home of Whiskeytown and the late-'90s alt-country boom in North Carolina.
"Burlington, Vermont","Burlington, VT",2015–,"Fire Talk, Lame-O","Greg Freeman, Lily Seabird, Robber Robber, Dari Bay, Lutalo","A small, tight scene of loud, twangy guitar rock; one of the field guide's ten regions."
Louisville and Sophomore Lounge,"Louisville, KY / Jeffersonville, IN",2006–,"Sophomore Lounge, Drag City, No Quarter","Ryan Davis & the Roadhouse Band, State Champion, Styrofoam Winos, Grace Rogers, Joan Shelley, Palace, Slint",From the Palace/Slint generation to Ryan Davis's Sophomore Lounge label and its barfly songwriters.
Chicago insurgent country,"Chicago, IL",1993–2005,Bloodshot,"Waco Brothers, Robbie Fulks, Neko Case, Kelly Hogan, Freakwater, The Handsome Family",Bloodshot's 'insurgent country': punks playing honky-tonk and Bakersfield in Chicago bars.
Chicago twang and DIY,"Chicago, IL",2015–,"Sooper, Fire Talk, Run for Cover, Merge","Tobacco City, Red PK, National Photo Committee, Case Oats, Horsegirl, Friko, Ratboys, Twin Peaks","The current Chicago scene: a DIY alt-country cluster sharing pedal-steel players, beside a jangle and emo-twang circuit."
Chicago folk revival,"Chicago, IL",1965–1980,"Atlantic, Asylum, Flying Fish","John Prine, Steve Goodman, Bonnie Koloc",The Old Town School of Folk Music and North Side folk clubs that launched Prine and Goodman.
Chicago Drag City,"Chicago, IL",1990–,"Drag City, Thrill Jockey","Silver Jews, Smog, Palace, Royal Trux, Red Red Meat, Califone","Drag City's deadpan, lo-fi songwriting culture and the Thrill Jockey post-rock scene next door."
Philadelphia DIY,"Philadelphia, PA",2010–,"Lame-O, Salinas, Father/Daughter","Waxahatchee, Swearin', Radiator Hospital, Hurry, Alex G, Golden Apples, 2nd Grade, Friendship, Sunday Mourners",House-show power pop and indie rock; one of the field guide's regions.
Philly Free Folk,"Philadelphia, PA",2000–2010,"Drag City, Language of Stone","Espers, Meg Baird, Fern Knight",Psych-folk revival that fed the 2010s cosmic and folk revivals.
"Athens, Georgia","Athens, GA",1980–,"DB, Elephant 6, Sub Pop","R.E.M., Pylon, Love Tractor, Neutral Milk Hotel, Olivia Tremor Control, Drive-By Truckers, Arbor Labor Union","College-town scene twice over: early-'80s jangle and new wave, then Elephant 6 and the Truckers."
Elephant 6,"Athens, GA / Denver / Ruston, LA",1993–2005,"Merge, spinART, Kindercore","Neutral Milk Hotel, The Olivia Tremor Control, Apples in Stereo, Beulah, The Minders",A collective of home-recording pop and psych bands.
Minneapolis,"Minneapolis, MN",1979–1995,"Twin/Tone, SST","The Replacements, Hüsker Dü, Soul Asylum, The Jayhawks, Golden Smog, Low (Duluth)",Twin/Tone and the punk-to-roots-rock line that produced the Replacements and the Jayhawks.
Belleville and St. Louis,"Belleville, IL / St. Louis, MO",1987–,"Rockville, Sire, Bloodshot","Uncle Tupelo, Son Volt, Wilco, The Bottle Rockets",Where the No Depression sound started.
Denton,"Denton, TX",1995–,"Idol, Misra, Keeled Scales","Centro-matic, South San Gabriel, Will Johnson, Midlake",University town north of Dallas; Will Johnson's orbit.
Austin,"Austin, TX",1970–,"Armadillo World Headquarters (venue), Keeled Scales","Willie Nelson, Jerry Jeff Walker, Townes Van Zandt, True Believers, Daniel Johnston, Lomelda (Silsbee), Hovvdy",Cosmic cowboys and progressive country in the '70s; outsider tapes in the '80s; soft Texas indie today.
Lubbock,"Lubbock, TX",1972–,,"The Flatlanders, Joe Ely, Butch Hancock, Jimmie Dale Gilmore, Terry Allen",West Texas songwriters who fed Austin and the Americana songwriter canon.
Houston folk clubs,"Houston, TX",1965–1975,,"Townes Van Zandt, Guy Clark, Lightnin' Hopkins",The coffeehouse circuit where the Texas songwriter tradition began.
Bakersfield,"Bakersfield, CA",1958–1975,Capitol,"Buck Owens, Merle Haggard, Wynn Stewart",Telecaster-driven honky-tonk that answered Nashville polish; a root of country rock and cowpunk.
Nashville,"Nashville, TN",1950–,"RCA, Columbia, Hillbilly Central (studio)","Waylon Jennings, Tompall Glaser, Margo Price, Caitlin Rose, Kelsey Waldon, Styrofoam Winos","Music Row, the outlaw rebellion at Hillbilly Central, and today's East Nashville DIY country."
LA cowpunk,"Los Angeles, CA",1978–1988,"Slash, Enigma, Frontier","X, The Blasters, The Gun Club, Lone Justice, The Knitters, Rank and File","Punk bands discovering country, rockabilly and blues."
Paisley Underground,"Los Angeles, CA",1981–1989,"Slash, Enigma, Rough Trade","The Dream Syndicate, Green on Red, The Long Ryders, Rain Parade, The Three O'Clock, Opal",Neo-psychedelic '60s revival with a Byrds and Velvets bent.
SST and San Pedro,Southern California,1979–1990,SST,"Minutemen, Black Flag, Meat Puppets, Hüsker Dü, Dinosaur Jr.",The label and van-tour network at the heart of the '80s underground.
Laurel Canyon,"Los Angeles, CA",1966–1978,"Asylum, A&M, Reprise","The Byrds, Gram Parsons, Joni Mitchell, Crosby, Stills & Nash, Neil Young",Country rock and the LA singer-songwriter scene; revisited by today's cosmic-country revival.
Boston,"Boston, MA",1978–,"Taang!, Homestead, 4AD (US bands)","Mission of Burma, Pixies, Galaxie 500, Buffalo Tom, Swirlies, Helium",College-radio rock from post-punk to dream pop.
Western Mass DIY,"Amherst and Northampton, MA",1985–2000,"Homestead, Shrimper, Sub Pop","Dinosaur Jr., Sebadoh, Scud Mountain Boys",Home-taping and noisy college rock from the Pioneer Valley.
Hoboken,"Hoboken, NJ",1978–1995,"Coyote, Bar/None","The Feelies, The dB's, Yo La Tengo, Speed the Plough",Maxwell's and the jangle and guitar-drone bands around it.
Dayton lo-fi,"Dayton, OH",1987–,"Scat, Matador",Guided by Voices,Basement four-track pop that defined lo-fi.
Olympia and K Records,"Olympia and Anacortes, WA",1984–2005,"K Records, Kill Rock Stars","Beat Happening, The Microphones, Mount Eerie, early Modest Mouse (Issaquah)",Anti-corporate DIY pop and home recording in the Pacific Northwest.
Seattle,"Seattle, WA",1985–,"Sub Pop, Barsuk, Up","Mudhoney, Screaming Trees, Built to Spill (Boise), Pedro the Lion, Death Cab for Cutie",Grunge and its quieter indie aftermath.
Boise,"Boise, ID",1990–,"Up, Warner Bros.","Built to Spill, Caustic Resin, The Halo Benders",Doug Martsch's circle of long-song guitar rock.
Portland,"Portland, OR",1990–,"Decor, Fluff and Gravy, Kill Rock Stars","Richmond Fontaine, The Delines, Kassi Valazza, Rose City Band, Elliott Smith, Heatmiser",Alt-country bars and cosmic-country revival in the Northwest.
San Francisco,San Francisco Bay Area,1965–,"Warner Bros. (Dead), Matador, Drag City","Grateful Dead, New Riders of the Purple Sage, American Music Club, Red House Painters, Thinking Fellers Union Local 282",From the Dead's country turn to '90s sadcore.
New Orleans,"New Orleans, LA",1995–,"New West, ATO","Hurray for the Riff Raff, The Deslondes, Esther Rose, The Lostines, Sam Doores, Riley Downing, Luke Winslow-King, Sarah Quintana, Pat Reedy","Old-time, folk and honky-tonk revival that grew out of the street-busking circuit; the Deslondes' members and their friends turn up on each other's records."
Memphis,"Memphis, TN",1954–,"Sun, Ardent","Johnny Cash, Big Star, Chris Bell, Lucero, Tav Falco","Sun's rockabilly, then Ardent studio power pop, then Lucero's punk-country."
Muscle Shoals,"Muscle Shoals and Florence, AL",1967–,"Fame, Muscle Shoals Sound, Single Lock","Dan Penn, Drive-By Truckers (Hood, Cooley, Isbell), Jason Isbell, John Paul White",Country-soul studio town and the Truckers' home ground.
Capricorn and Jacksonville Southern rock,"Macon, GA / Jacksonville, FL",1969–1980,"Capricorn, MCA","The Allman Brothers Band, Lynyrd Skynyrd, The Marshall Tucker Band",The original Southern rock labels and bar circuit.
Woodstock,"Woodstock, NY",1966–1976,"Capitol, Columbia","Bob Dylan, The Band","Big Pink, the basement tapes, and the birth of roots rock."
Greenwich Village folk,"New York, NY",1958–1970,"Vanguard, Elektra, Folkways","Bob Dylan, Dave Van Ronk, The New Lost City Ramblers, Karen Dalton",The folk revival that sent the Anthology repertoire into rock.
New York proto-punk and CBGB,"New York, NY",1965–1980,"Verve, Sire","The Velvet Underground, Lou Reed, Television, Patti Smith, Ramones","Warhol's Factory, then CBGB: the art-rock source of indie."
London folk clubs,"London, UK",1965–1975,"Island, Witchseason","Fairport Convention, Sandy Denny, Nick Drake, Bert Jansch, Richard Thompson","Les Cousins, the Horseshoe and Joe Boyd's Witchseason: British folk rock."
Dunedin,"Dunedin, New Zealand",1980–1995,Flying Nun,"The Clean, The Chills, The Verlaines, The Bats, Tall Dwarfs","The 'Dunedin sound': fuzzy jangle recorded cheaply, a root of slacker rock."
Brisbane,"Brisbane, Australia",1977–,"Able, Chapter Music","The Go-Betweens, The Goon Sax","The Go-Betweens' town, and a generation later the Goon Sax."
Melbourne,"Melbourne, Australia",2008–,"Chapter Music, Milk!, Sub Pop","Courtney Barnett, Rolling Blackouts Coastal Fever, Dick Diver, Twerps, Chook Race",The 2010s jangle revival in the Go-Betweens and Flying Nun line.
Omaha and Saddle Creek,"Omaha, NE",1995–,Saddle Creek,"Bright Eyes, Cursive, Big Thief (early), Hop Along","Saddle Creek's roster, from Conor Oberst to Big Thief's first records."
Takoma,"Takoma Park, MD / Berkeley, CA",1959–1980,Takoma,"John Fahey, Robbie Basho, Leo Kottke",John Fahey's label and the birth of American Primitive guitar.
Glasgow,"Glasgow, Scotland",1985–1997,"Creation, 53rd & 3rd","Teenage Fanclub, The Pastels, BMX Bandits",Big Star-loving guitar pop that fed '90s jangle and power pop.
Leeds,"Leeds, England",1977–1990,"Fast Product, Sin, Twin/Tone (US)",Mekons,Post-punk art-school bands; the Mekons' turn to country fed insurgent country.
Red Dirt,"Stillwater, OK",1990–,,"Cross Canadian Ragweed, Jason Boland & the Stragglers, Turnpike Troubadours",Oklahoma's bar-band country scene.
Columbus,"Columbus, OH",1995–,"Anyway, Bloodshot","Lydia Loveless, Saintseneca, Two Cow Garage, Times New Viking",Ohio's DIY rock and alt-country bars.
Woodsist and Brooklyn,"Brooklyn, NY",2006–,"Woodsist, Captured Tracks, Exploding in Sound","Woods, Real Estate, Kurt Vile (Philadelphia), Speedy Ortiz",Jeremy Earl's label and the Brooklyn DIY rock around it.
