category,tag,definition
Instruments,pedal steel,Pedal steel guitar is prominent in the arrangements.
Instruments,fiddle,Fiddle or violin plays a lead or featured role.
Instruments,banjo,Banjo is featured.
Instruments,mandolin,Mandolin is featured.
Instruments,slide guitar,Bottleneck or lap-steel slide guitar is a signature texture.
Instruments,harmonica,Harmonica is prominent.
Instruments,piano,Piano or organ carries songs.
Instruments,horns,Brass or saxophone arrangements.
Instruments,strings,String section or orchestral arrangements.
Instruments,drum machine,Programmed drums are a defining texture.
Instruments,synths,Synthesizers are a defining texture.
Instruments,fingerpicked acoustic,Fingerstyle acoustic guitar is the core of the sound.
Guitar,Crazy Horse fuzz,"Loose, thick, distorted electric guitar in the Neil Young & Crazy Horse mold."
Guitar,long solos,Extended guitar solos are central.
Guitar,harmonized guitars,"Twin or triple lead guitars in harmony (Allmans, Skynyrd, Thin Lizzy line)."
Guitar,jangle,"Bright, ringing, chiming clean electric guitar."
Guitar,noise wall,Massed distortion and feedback used as texture.
Guitar,Telecaster twang,"Bright, snappy country lead guitar (Bakersfield and honky-tonk style)."
Guitar,feedback,Deliberate feedback and amp noise.
Voice,deadpan,"Flat, half-spoken, unemotive delivery."
Voice,drawl,Southern or rural accent shapes the singing.
Voice,cracked or yelping,"Raw, breaking, or yelped vocals."
Voice,baritone,Low male vocal register.
Voice,close harmonies,Tight vocal harmonies (Everly/Louvin style or band harmonies).
Voice,duets,Male-female or two-lead duet singing.
Voice,hushed,"Quiet, breathy, intimate singing."
Voice,shouted,Shouted or hoarse punk-style vocals.
Writing,funny-sad,Jokes and grief in the same verse (Prine/Berman line).
Writing,storytelling,"Narrative, character-driven songs."
Writing,Southern gothic,"Dark, grotesque, or religious Southern imagery."
Writing,small-town,Small-town settings and details.
Writing,Midwestern,"Midwestern settings, weather, and plainness."
Writing,pop-culture references,"Named brands, athletes, TV, and pop ephemera."
Writing,heartbreak,Breakups and lost love as the main subject.
Writing,drinking songs,"Bars, hangovers, and drinking as setting or subject."
Writing,road songs,"Touring, driving, highways."
Writing,political,Explicitly political or class-conscious songs.
Writing,spiritual or gospel,Religious or gospel themes and forms.
Production,lo-fi,"Home-recorded, tape hiss, deliberately rough sound."
Production,live in the room,Full-band live-to-tape feel with little overdubbing.
Production,polished,"Studio-clean, layered production."
Production,long songs (7+ minutes),At least one song over seven minutes.
Production,short songs (under 2 minutes),Many songs under two minutes.
Mood,rowdy,"Loud, boozy, celebratory energy."
Mood,lullaby,"Soft, soothing, bedtime-quiet."
Mood,bleak,Despairing or desolate mood.
Mood,breezy,"Light, easy, sunlit mood."
Mood,cosmic,"Expansive, psychedelic, spacey."
Mood,anthemic,Big choruses built for crowds.
Mood,glacial,Extremely slow and still.
