claim_id,extractor,lane,atlas_id,subject,predicate,object,object_type,basis,confidence,cue,evidence,source_url,verdict,fix,note
G01,atlas_matcher,C1,A0033,Brown Horse – All The Right Weaknesses,sounds_like,Silver Jews,artist,inferred,0.5,sounds indebted,"Sounds indebted to Lucinda Williams, Jason Molina and Silver Jews;",atlas: seeds/atlas/album_notes.csv (lineage),,,
G02,atlas_matcher,C1,A0048,Thomas Dollbaum – Birds of Paradise,sounds_like,Townes Van Zandt,artist,inferred,0.5,sounds indebted,Sounds indebted to Townes Van Zandt and Jason Molina while stepping out of their shadow.,atlas: seeds/atlas/album_notes.csv (lineage),,,
G03,atlas_matcher,C1,A0037,Oldstar – Of the Highway,sounds_like,Wilco,artist,inferred,0.5,sounds indebted,Sounds indebted to outlaw country and Wilco's Being There;,atlas: seeds/atlas/album_notes.csv (lineage),,,
G04,atlas_matcher,C1,A0025,David Nance & Mowed Sound – David Nance & Mowed Sound,sounds_like,MJ Lenderman,artist,inferred,0.5,sounds like,Sounds like a Midwest continuation of the Crazy Horse guitar-jam trunk line that also runs through Wednesday and MJ Lenderman.,atlas: seeds/atlas/album_notes.csv (lineage),,,
G05,atlas_matcher,C1,A0008,Florry – Big Fall,sounds_like,Neil Young,artist,inferred,0.5,sounds indebted,Sounds indebted to Parsons' Cosmic American Music and Neil Young;,atlas: seeds/atlas/album_notes.csv (lineage),,,
G06,atlas_matcher,V1,A0798,The Black Swans – Change!,sounds_like,Songs: Ohia,artist,inferred,0.5,continues,"Continues The Black Swans' hushed, Midwestern gothic-folk sound, part of the same regional atmosphere (Ohio, small-town gloom) that produced Songs: Ohia.",atlas: seeds/atlas/album_notes.csv (lineage),,,
G07,atlas_matcher,C1,A0017,Dari Bay – Longest Day Of The Year,sounds_like,Elliott Smith,artist,inferred,0.5,sounds indebted,"its songwriting sounds indebted to Judee Sill, Alex Chilton and Elliott Smith.",atlas: seeds/atlas/album_notes.csv (lineage),,,
G08,atlas_matcher,V1,A0786,Centro-matic – Love You Just the Same,sounds_like,Magnolia Electric Co.,artist,inferred,0.5,indebted,"Represents the fully formed Denton version of Centro-matic's Crazy Horse-indebted country rock, sounding like a sibling to Magnolia Electric Co.'s work of the same period.",atlas: seeds/atlas/album_notes.csv (lineage),,,
G09,atlas_matcher,C1,A2930,St. Marlboro – Photo Album,sounds_like,Jason & the Scorchers,artist,inferred,0.5,sounds indebted,"Sounds indebted to cowpunk (X, Jason & the Scorchers) filtered through 2010s-2020s DIY indie-rock recording.",atlas: seeds/atlas/album_notes.csv (lineage),,,
G10,atlas_matcher,V1,A0774,Centro-matic – Navigational,sounds_like,Crazy Horse,artist,inferred,0.5,continues,"Continues Centro-matic's fast, fuzz-heavy development toward the fuller alt-country/Crazy Horse sound of 'Distance and Clime' and 'Love You Just the Same'.",atlas: seeds/atlas/album_notes.csv (lineage),,,
G11,atlas_matcher,C1,A0024,The Clearwater Swimmers – The Clearwater Swimmers,sounds_like,Crazy Horse,artist,inferred,0.5,sounds indebted,Sounds indebted to the Neil Young/Crazy Horse and Molina/Magnolia Electric Co.,atlas: seeds/atlas/album_notes.csv (lineage),,,
G12,atlas_matcher,C1,A0016,Thomas Dollbaum – Wellswood,sounds_like,Jason Molina,artist,inferred,0.5,lineage,Sounds rooted in the alt-country storytelling lineage of Townes Van Zandt and Jason Molina.,atlas: seeds/atlas/album_notes.csv (lineage),,,
G13,atlas_matcher,V1,A0788,The Black Swans – Who Will Walk in the Darkness with You?,associated_with,Songs: Ohia,artist,documented,0.6,(no cue),"A Columbus, Ohio band working the same haunted, Midwestern gothic-folk atmosphere as Jason Molina's Songs: Ohia, sharing scene and tone rather than direct collaboration.",atlas: seeds/atlas/album_notes.csv (lineage),,,
G14,atlas_matcher,V1,A0790,Will Johnson – Vultures Await,associated_with,Centro-matic and South San Gabriel,artist,documented,0.6,alongside,Continues Will Johnson's stripped-down solo work alongside his ongoing Centro-matic and South San Gabriel output.,atlas: seeds/atlas/album_notes.csv (lineage),,,
G15,atlas_matcher,V1,A0810,Will Johnson – Wire Mountain,associated_with,Centro-matic,artist,documented,0.6,(no cue),"A post-Centro-matic Will Johnson solo record continuing the hushed, plainspoken songwriting he established in the Molina/Magnolia era.",atlas: seeds/atlas/album_notes.csv (lineage),,,
G16,atlas_matcher,V1,A0807,Will Johnson – Scorpion,associated_with,Jason Molina,artist,documented,0.7,collaboration,"A 2010s continuation of Will Johnson's solo songwriting, running parallel to the final years of Centro-matic and his collaboration with Jason Molina.",atlas: seeds/atlas/album_notes.csv (lineage),,,
G17,atlas_matcher,V20,A2180,Neil Young – Neil Young,associated_with,Buffalo Springfield,artist,documented,0.6,(no cue),"Young's solo launch straight out of Buffalo Springfield, still wearing 1960s orchestral-pop production before Crazy Horse stripped the sound down.",atlas: seeds/atlas/album_notes.csv (lineage),,,
G18,atlas_matcher,V1,A0782,Songs: Ohia – Mi Sei Apparso Come Un Fantasma,associated_with,Magnolia Electric Co.,artist,documented,0.6,(no cue),"A snapshot of the touring Songs: Ohia band, showing how the sound opened up once Molina had a full electric group behind him, pointing toward Didn't It Rain and The Magnolia Electric Co.",atlas: seeds/atlas/album_notes.csv (lineage),,,
G19,atlas_matcher,C1,A0045,Kevin Copeland – Only Love Songs,associated_with,Lily Seabird,artist,documented,0.6,(no cue),Sounds part of the Vermont/Northeast indie-folk-to-twang orbit of Greg Freeman and Lily Seabird.,atlas: seeds/atlas/album_notes.csv (lineage),,,
G20,atlas_matcher,C1,A0039,Spencer Radcliffe – Ohio Vision,associated_with,i26connector,artist,documented,0.6,alongside,Sounds of a piece with the current wave of Midwest indie-twang alongside Ratboys and i26connector.,atlas: seeds/atlas/album_notes.csv (lineage),,,
G21,atlas_matcher,V1,A0784,Songs: Ohia – Didn't It Rain,associated_with,Magnolia Electric Co.,artist,documented,0.6,alongside,The field guide's other suggested starting point alongside Magnolia Electric Co.;,atlas: seeds/atlas/album_notes.csv (lineage),,,
G22,atlas_matcher,V20,A2235,Neil Young and Crazy Horse – Toast,associated_with,Crazy Horse,artist,inferred,0.3,(no cue),"An archival release (recorded 2000-01, released 2022) documenting a somber Crazy Horse session shelved for two decades, closer in mood to Sleeps with Angels than to the band's louder records.",atlas: seeds/atlas/album_notes.csv (lineage),,,
G23,atlas_matcher,V20,A2205,Neil Young and Crazy Horse – Life,associated_with,Crazy Horse,artist,inferred,0.3,(no cue),"Crazy Horse's return to a Neil Young studio album after Re-ac-tor, still burdened by 80s production but pointing the way back to the raw sound of Ragged Glory.",atlas: seeds/atlas/album_notes.csv (lineage),,,
G24,atlas_matcher,V1,A0780,South San Gabriel – South San Gabriel Songs/Music,associated_with,Crazy Horse,artist,inferred,0.3,(no cue),"Splits off from Centro-matic as Will Johnson's hushed, slow-tempo alter ego, establishing a quieter parallel track to the Crazy Horse fuzz of his main band.",atlas: seeds/atlas/album_notes.csv (lineage),,,
G25,atlas_matcher,V1,A0796,Magnolia Electric Co. – Fading Trails,associated_with,Magnolia Electric Co. – Sojourner,album,inferred,0.3,(no cue),"record whose sessions were later collected whole on the 'Sojourner' box set, showing Molina's late-2000s method of recording in pieces across different studios and bands.",atlas: seeds/atlas/album_notes.csv (lineage),,,
G26,atlas_matcher,V20,A2218,Neil Young and Crazy Horse – Year of the Horse,associated_with,Crazy Horse,artist,inferred,0.3,(no cue),"A shaggier companion to Weld, capturing Crazy Horse's mid-90s live sound and its ongoing appeal to filmmakers and musicians drawn to its unpolished, in-the-room feel.",atlas: seeds/atlas/album_notes.csv (lineage),,,
G27,atlas_matcher,V1,A0793,South San Gabriel – The Carlton Chronicles: Not Until the Operation's Through,associated_with,Will Johnson,artist,inferred,0.3,(no cue),"Pushes Will Johnson's South San Gabriel project toward a sound indebted to Low and Codeine, a quieter sibling to both Centro-matic and Magnolia Electric Co.",atlas: seeds/atlas/album_notes.csv (lineage),,,
G28,atlas_matcher,V1,A0781,Centro-matic – Distance and Clime,associated_with,Centro-matic – Fort Recovery,album,inferred,0.3,(no cue),"Marks Centro-matic settling into its core lineup (Johnson, Pence, Danbom, Hedman), the same band that would carry through 'Love You Just the Same' and 'Fort Recovery'.",atlas: seeds/atlas/album_notes.csv (lineage),,,
G29,atlas_matcher,C1,A0013,Good Looks – Bummer Year,released_by,Keeled Scales,label,documented,0.9,(no cue),Keeled Scales labelmates of Katy Kirby.,atlas: seeds/atlas/album_notes.csv (lineage),,,
G30,atlas_matcher,V20,A2201,Neil Young – Trans,released_by,Geffen,label,documented,0.9,(no cue),The most electronic record in Young's catalog and the first of his Geffen genre detours;,atlas: seeds/atlas/album_notes.csv (lineage),,,
G31,atlas_matcher,C1,A2903,Dogwood Tales – Every Star in Rockingham County,released_by,Townes Van Zandt,artist,documented,0.7,label,Its label copy places it in a Townes Van Zandt-descended songwriting tradition;,atlas: seeds/atlas/album_notes.csv (lineage),,,
G32,atlas_matcher,V1,A0786,Centro-matic – Love You Just the Same,member_of,Crazy Horse,artist,documented,0.6,formed,"Represents the fully formed Denton version of Centro-matic's Crazy Horse-indebted country rock, sounding like a sibling to Magnolia Electric Co.'s work of the same period.",atlas: seeds/atlas/album_notes.csv (lineage),,,
G33,atlas_matcher,V20,A2177,Buffalo Springfield – Buffalo Springfield,member_of,Neil Young,artist,documented,0.6,formed,"Formed in LA in 1966 by Stephen Stills, Richie Furay and Neil Young (with Bruce Palmer and Dewey Martin);",atlas: seeds/atlas/album_notes.csv (lineage),,,
G34,atlas_matcher,V20,A2241,Neil Young and the Chrome Hearts – Talkin to the Trees,member_of,Crazy Horse,artist,documented,0.6,backing band,"A new backing band, the Chrome Hearts, sounding like it has stepped into the role Crazy Horse has long occupied, keeping the ragged-guitar, cracked-voice sound going into a new decade.",atlas: seeds/atlas/album_notes.csv (lineage),,,
G35,atlas_matcher,C1,A0006,MJ Lenderman – MJ Lenderman,member_of,Wednesday,artist,documented,0.6,joined,Grew out of Asheville's DIY bedroom-recording scene before Lenderman joined Wednesday full-time;,atlas: seeds/atlas/album_notes.csv (lineage),,,
G36,atlas_matcher,V4,A1009,Wilco – A Ghost Is Born,follows,Wilco – Yankee Hotel Foxtrot,album,documented,0.7,extends,"Extends 'Yankee Hotel Foxtrot' toward extended guitar playing that sounds indebted to Neil Young and Crazy Horse, a thread the band kept pulling once Nels Cline joined full-time.",atlas: seeds/atlas/album_notes.csv (lineage),,,
G37,atlas_matcher,C1,A2943,"vegas water taxi – long time caller, first time listener",follows,vegas water taxi – things are gonna be alright,album,documented,0.7,continues,Continues the deadpan indie-country sound of 'things are gonna be alright'.,atlas: seeds/atlas/album_notes.csv (lineage),,,
G38,atlas_matcher,C1,A0003,Spencer Radcliffe – Looking In,covers,Ratboys,artist,documented,0.7,cover,Sounds part of the same Run for Cover/Topshelf-adjacent 2010s indie underground as Ratboys.,atlas: seeds/atlas/album_notes.csv (lineage),,,
G39,firecrawl_json,C1,A0029,MJ Lenderman – Manning Fireworks,credited_on,Alex Farrar,person,documented,0.9,"role: production, mixing, engineering","Alex Farrar — production, mixing, engineering",https://en.wikipedia.org/wiki/Manning_Fireworks,,,
G40,firecrawl_json,C1,A0029,MJ Lenderman – Manning Fireworks,recorded_at,"Drop of Sun Studios, Asheville, North Carolina",place,documented,0.9,recording_locations,"Lenderman recorded the album at Drop of Sun Studios in his home town of Asheville, North Carolina.",https://en.wikipedia.org/wiki/Manning_Fireworks,,,
G41,firecrawl_json,C1,A0029,MJ Lenderman – Manning Fireworks,credited_on,Xandy Chelmis,person,documented,0.9,"role: pedal steel guitar, background vocals","Xandy Chelmis — pedal steel guitar, background vocals",https://en.wikipedia.org/wiki/Manning_Fireworks,,,
G42,firecrawl_json,C1,A0029,MJ Lenderman – Manning Fireworks,released_by,Manning Fireworks,label,documented,0.9,label field,(the extractor filled the label field with the album title),https://en.wikipedia.org/wiki/Manning_Fireworks,,,
G43,firecrawl_json,C1,A0029,MJ Lenderman – Manning Fireworks,associated_with,Wednesday bandmates,artist,documented,0.7,lineage: associated_with,"The album features contributions from Lenderman's Wednesday bandmates Karly Hartzman, Xandy Chelmis and Ethan Baechtold.",https://en.wikipedia.org/wiki/Manning_Fireworks,,,
G44,firecrawl_json,V20,A2181,Neil Young – Everybody Knows This Is Nowhere,credited_on,David Briggs,person,documented,0.9,producers,"producers: Neil Young, David Briggs",https://en.wikipedia.org/wiki/Everybody_Knows_This_Is_Nowhere,,,
G45,firecrawl_json,V20,A2181,Neil Young – Everybody Knows This Is Nowhere,recorded_at,Wally Heider Studios,place,documented,0.9,recording_locations,"recording locations: Wally Heider Studios; Sunwest, Hollywood",https://en.wikipedia.org/wiki/Everybody_Knows_This_Is_Nowhere,,,
G46,firecrawl_json,V20,A2181,Neil Young – Everybody Knows This Is Nowhere,credited_on,Danny Whitten,person,documented,0.9,"role: guitar, backing vocals, co-lead vocals on 'Cinnamon Girl'","Danny Whitten — guitar, backing vocals, co-lead vocals on 'Cinnamon Girl'",https://en.wikipedia.org/wiki/Everybody_Knows_This_Is_Nowhere,,,
G47,firecrawl_json,V20,A2181,Neil Young – Everybody Knows This Is Nowhere,influenced_by,Rolling Stone's 500 Greatest Albums of All Time,work,reported,0.7,lineage: influenced_by,"In 2003, the album was ranked number 208 on Rolling Stone's 500 Greatest Albums of All Time.",https://en.wikipedia.org/wiki/Everybody_Knows_This_Is_Nowhere,,,
G48,firecrawl_json,V20,A2181,Neil Young – Everybody Knows This Is Nowhere,covers,Mother Hips,artist,documented,0.7,lineage: covers,"For a cover of this album by Mother Hips, see Everybody Knows This Is Nowhere (Mother Hips album).",https://en.wikipedia.org/wiki/Everybody_Knows_This_Is_Nowhere,,,
G49,firecrawl_json,V20,A2181,Neil Young – Everybody Knows This Is Nowhere,associated_with,"Crosby, Stills, Nash & Young",artist,documented,0.7,lineage: associated_with,"The album emerged as a sleeper hit amid Young's contemporaneous success with Crosby, Stills, Nash & Young.",https://en.wikipedia.org/wiki/Everybody_Knows_This_Is_Nowhere,,,
G50,firecrawl_json,V20,A2192,Neil Young & Crazy Horse – Zuma,credited_on,Frank 'Poncho' Sampedro,person,documented,0.9,"role: guitar, keyboards","Frank 'Poncho' Sampedro — guitar, keyboards",https://en.wikipedia.org/wiki/Zuma_(album),,,
