atlas_id,artist,album,year,lane,zone,layer,priority,start_here,on_path
A0001,Spencer Radcliffe,Keeper,2014,C1,Core,L1,Deep cut,,
A0002,Ratboys,AOID,2015,C1,Core,L1,Deep cut,,
A0003,Spencer Radcliffe,Looking In,2015,C1,Core,L1,Deep cut,,
A0004,Ratboys,GN,2017,C1,Core,L1,Recommended,,
A0005,MJ Lenderman,Lucky,2019,C1,Core,L1,Deep cut,,
A0006,MJ Lenderman,MJ Lenderman,2019,C1,Core,L1,Deep cut,,
A0007,Ratboys,Printer's Devil,2020,C1,Core,L1,Essential,,
A0008,Florry,Big Fall,2021,C1,Core,L1,Recommended,,
A0009,MJ Lenderman,Ghost of Your Guitar Solo,2021,C1,Core,L1,Deep cut,,
A0010,MJ Lenderman,Knockin',2021,C1,Core,L1,Deep cut,,
A0011,Ratboys,"Happy Birthday, Ratboy",2021,C1,Core,L1,Deep cut,,
A0012,Trace Mountains,House of Confusion,2021,C1,Core,L1,Recommended,,
A0013,Good Looks,Bummer Year,2022,C1,Core,L1,Essential,,
A0014,Greg Freeman,I Looked Out,2022,C1,Core,L1,Essential,,
A0015,MJ Lenderman,Boat Songs,2022,C1,Core,L1,Essential,,Y
A0016,Thomas Dollbaum,Wellswood,2022,C1,Core,L1,Recommended,,
A0017,Dari Bay,Longest Day Of The Year,2023,C1,Core,L1,Essential,,
A0018,Florry,Sweet Guitar Solos,2023,C1,Core,L1,Deep cut,,
A0019,Florry,The Holey Bible,2023,C1,Core,L1,Essential,Y,
A0020,MJ Lenderman,And the Wind (Live and Loose!),2023,C1,Core,L1,Recommended,,
A0021,Ratboys,The Window,2023,C1,Core,L1,Essential,,
A0022,Squirrel Flower,Tomorrow's Fire,2023,C1,Core,L1,Recommended,,
A0023,Brown Horse,Reservoir,2024,C1,Core,L1,Recommended,,
A0024,The Clearwater Swimmers,The Clearwater Swimmers,2024,C1,Core,L1,Recommended,,
A0025,David Nance & Mowed Sound,David Nance & Mowed Sound,2024,C1,Core,L1,Recommended,,
A0026,Dialup Ghost,May You Live Forever in Cowboy Heaven,2024,C1,Core,L1,Deep cut,,
A0027,Good Looks,Lived Here For A While,2024,C1,Core,L1,Essential,,
A0028,Merce Lemon,Watch Me Drive Them Dogs Wild,2024,C1,Core,L1,Recommended,,
A0029,MJ Lenderman,Manning Fireworks,2024,C1,Core,L1,Essential,Y,Y
A0030,Real Companion,Nü-metal Heroes,2024,C1,Core,L1,Deep cut,,
A0031,Why Bonnie,Wish on the Bone,2024,C1,Core,L1,Recommended,,
A0032,Abel,How to Get Away with Nothing,2025,C1,Core,L1,Recommended,,
A0033,Brown Horse,All The Right Weaknesses,2025,C1,Core,L1,Essential,,
A0034,Chico States,I Saw A Galloping Horse Cover No Ground,2025,C1,Core,L1,Deep cut,,
A0035,Florry,Sounds Like...,2025,C1,Core,L1,Essential,,
A0036,Greg Freeman,Burnover,2025,C1,Core,L1,Essential,,
A0037,Oldstar,Of the Highway,2025,C1,Core,L1,Recommended,,
A0038,Snocaps,Snocaps,2025,C1,Core,L1,Recommended,,
A0039,Spencer Radcliffe,Ohio Vision,2025,C1,Core,L1,Recommended,,
A0040,Thomas Dollbaum,Drive All Night,2025,C1,Core,L1,Deep cut,,
A0041,Brown Horse,Total Dive,2026,C1,Core,L1,Recommended,,
A0042,Convinced Friend,Nowhere Songs,2026,C1,Core,L1,Recommended,,
A0043,Greg Freeman,All Set the Bone,2026,C1,Core,L1,Recommended,,
A0044,i26connector,i26connector,2026,C1,Core,L1,Recommended,,
A0045,Kevin Copeland,Only Love Songs,2026,C1,Core,L1,Deep cut,,
A0046,Ovven,Gnawing at the Cord,2026,C1,Core,L1,Recommended,,
A0047,Ratboys,Singin' to an Empty Chair,2026,C1,Core,L1,Recommended,,
A0048,Thomas Dollbaum,Birds of Paradise,2026,C1,Core,L1,Essential,,
A0049,Twisted Teens,Florida Water Blues,2026,C1,Core,L1,Deep cut,,
A0050,Wild Pink,Still Coming Down,2026,C1,Core,L1,Recommended,,
A0770,Centro-matic,Redo the Stacks,1997,V1,V,L3,Deep cut,,
A0771,Songs: Ohia,Hecla & Griper,1997,V1,V,L3,Deep cut,,
A0772,Songs: Ohia,Songs: Ohia,1997,V1,V,L3,Essential,Y,
A0773,Songs: Ohia,Impala,1998,V1,V,L2,Recommended,,
A0774,Centro-matic,Navigational,1999,V1,V,L2,Deep cut,,
A0775,Songs: Ohia,Axxess & Ace,1999,V1,V,L2,Recommended,,
A0776,Centro-matic,All the Falsest Hearts Can Try,2000,V1,V,L2,Deep cut,,
A0777,Songs: Ohia,Ghost Tropic,2000,V1,V,L2,Recommended,,
A0778,Songs: Ohia,Protection Spells,2000,V1,V,L2,Deep cut,,
A0779,Songs: Ohia,The Lioness,2000,V1,V,L2,Essential,,
A0780,South San Gabriel,South San Gabriel Songs/Music,2000,V1,V,L2,Deep cut,,
A0781,Centro-matic,Distance and Clime,2001,V1,V,L2,Deep cut,,
A0782,Songs: Ohia,Mi Sei Apparso Come Un Fantasma,2001,V1,V,L2,Deep cut,,
A0783,Amalgamated Sons of Rest,Amalgamated Sons of Rest,2002,V1,V,L2,Deep cut,,
A0784,Songs: Ohia,Didn't It Rain,2002,V1,V,L2,Essential,Y,
A0785,Will Johnson,Murder of Tides,2002,V1,V,L2,Deep cut,,
A0786,Centro-matic,Love You Just the Same,2003,V1,V,L2,Essential,,
A0787,Songs: Ohia,The Magnolia Electric Co.,2003,V1,V,L2,Essential,,Y
A0788,The Black Swans,Who Will Walk in the Darkness with You?,2004,V1,V,L2,Deep cut,,
A0789,Jason Molina,Pyramid Electric Co.,2004,V1,V,L2,Recommended,,
A0790,Will Johnson,Vultures Await,2004,V1,V,L2,Deep cut,,
A0791,Magnolia Electric Co.,Trials & Errors,2005,V1,V,L2,Recommended,,
A0792,Magnolia Electric Co.,What Comes After the Blues,2005,V1,V,L2,Essential,,
A0793,South San Gabriel,The Carlton Chronicles: Not Until the Operation's Through,2005,V1,V,L2,Recommended,,
A0794,Centro-matic,Fort Recovery,2006,V1,V,L2,Essential,,
A0795,Jason Molina,"Let Me Go, Let Me Go, Let Me Go",2006,V1,V,L2,Recommended,,
A0796,Magnolia Electric Co.,Fading Trails,2006,V1,V,L2,Recommended,,
A0797,Arbouretum,Rites of Uncovering,2007,V1,V,L2,Recommended,,
A0798,The Black Swans,Change!,2007,V1,V,L2,Deep cut,,
A0799,Magnolia Electric Co.,Sojourner,2007,V1,V,L2,Deep cut,,
A0800,Centro-matic and South San Gabriel,Dual Hawks,2008,V1,V,L2,Recommended,,
A0801,Arbouretum,Song of the Pearl,2009,V1,V,L2,Deep cut,,
A0802,Jason Molina and Will Johnson,Molina and Johnson,2009,V1,V,L2,Essential,,
A0803,Magnolia Electric Co.,Josephine,2009,V1,V,L2,Essential,,
A0804,Arbouretum,The Gathering,2011,V1,V,L2,Essential,,Y
A0805,Centro-matic,Candidate Waltz,2011,V1,V,L2,Deep cut,,
A0806,Jason Molina,Autumn Bird Songs,2012,V1,V,L2,Deep cut,,
A0807,Will Johnson,Scorpion,2012,V1,V,L2,Deep cut,,
A0808,Arbouretum,Coming Out of the Fog,2013,V1,V,L2,Deep cut,,
A0809,Centro-matic,Take Pride in Your Long Odds,2014,V1,V,L1,Recommended,,
A0810,Will Johnson,Wire Mountain,2019,V1,V,L1,Deep cut,,
A0811,Arbouretum,Let It All In,2020,V1,V,L1,Deep cut,,
A0812,Jason Molina,Eight Gates,2020,V1,V,L1,Essential,,
A0813,Will Johnson,El Capitán,2020,V1,V,L1,Deep cut,,
A0814,Will Johnson,No Ordinary Crown,2023,V1,V,L1,Recommended,,
A0815,Will Johnson,Diamond City,2025,V1,V,L1,Recommended,,
A1009,Wilco,A Ghost Is Born,2004,V4,V,L2,Essential,,Y
A1976,Dinosaur Jr.,You're Living All Over Me,1987,V16,V,L3,Essential,Y,Y
A2177,Buffalo Springfield,Buffalo Springfield,1966,V20,V,L5,Recommended,,
A2178,Buffalo Springfield,Buffalo Springfield Again,1967,V20,V,L5,Recommended,,Y
A2179,Buffalo Springfield,Last Time Around,1968,V20,V,L5,Deep cut,,
A2180,Neil Young,Neil Young,1968,V20,V,L5,Deep cut,,
A2181,Neil Young,Everybody Knows This Is Nowhere,1969,V20,V,L5,Essential,Y,Y
A2182,"Crosby, Stills, Nash & Young",Déjà Vu,1970,V20,V,L5,Essential,,
A2183,Neil Young,After the Gold Rush,1970,V20,V,L5,Essential,,
A2184,Crazy Horse,Crazy Horse,1971,V20,V,L5,Recommended,,Y
A2185,"Crosby, Stills, Nash & Young",4 Way Street,1971,V20,V,L5,Recommended,,
A2186,Crazy Horse,At Crooked Lake,1972,V20,V,L5,Deep cut,,
A2187,Crazy Horse,Loose,1972,V20,V,L5,Deep cut,,
A2188,Neil Young,Harvest,1972,V20,V,L5,Essential,,
A2189,Neil Young,Time Fades Away,1973,V20,V,L5,Recommended,,
A2190,Neil Young,On the Beach,1974,V20,V,L5,Essential,,
A2191,Neil Young and Crazy Horse,Tonight's the Night,1975,V20,V,L5,Essential,,Y
A2192,Neil Young and Crazy Horse,Zuma,1975,V20,V,L5,Essential,Y,Y
A2193,The Stills-Young Band,Long May You Run,1976,V20,V,L5,Recommended,,
A2194,Neil Young,American Stars 'n Bars,1977,V20,V,L5,Recommended,,
A2195,Crazy Horse,Crazy Moon,1978,V20,V,L4,Deep cut,,
A2196,Neil Young,Comes a Time,1978,V20,V,L4,Recommended,,
A2197,Neil Young and Crazy Horse,Live Rust,1979,V20,V,L4,Recommended,,
A2198,Neil Young and Crazy Horse,Rust Never Sleeps,1979,V20,V,L4,Essential,,Y
A2199,Neil Young,Hawks & Doves,1980,V20,V,L4,Deep cut,,
A2200,Neil Young and Crazy Horse,Re-ac-tor,1981,V20,V,L4,Deep cut,,
A2201,Neil Young,Trans,1982,V20,V,L4,Deep cut,,
A2202,Neil Young and the Shocking Pinks,Everybody's Rockin',1983,V20,V,L4,Deep cut,,
A2203,Neil Young,Old Ways,1985,V20,V,L4,Deep cut,,
A2204,Neil Young,Landing on Water,1986,V20,V,L4,Deep cut,,
A2205,Neil Young and Crazy Horse,Life,1987,V20,V,L3,Deep cut,,
A2206,"Crosby, Stills, Nash & Young",American Dream,1988,V20,V,L3,Deep cut,,
A2207,Neil Young,This Note's for You,1988,V20,V,L3,Deep cut,,
A2208,Crazy Horse,Left for Dead,1989,V20,V,L3,Deep cut,,
A2209,Neil Young,Freedom,1989,V20,V,L3,Recommended,,
A2210,Neil Young and Crazy Horse,Ragged Glory,1990,V20,V,L3,Essential,,Y
A2211,Neil Young and Crazy Horse,Arc,1991,V20,V,L3,Deep cut,,
A2212,Neil Young and Crazy Horse,Weld,1991,V20,V,L3,Recommended,,
A2213,Neil Young,Harvest Moon,1992,V20,V,L3,Recommended,,
A2214,Neil Young,Unplugged,1993,V20,V,L3,Recommended,,
A2215,Neil Young and Crazy Horse,Sleeps with Angels,1994,V20,V,L3,Recommended,,
A2216,Neil Young,Mirror Ball,1995,V20,V,L3,Recommended,,
A2217,Neil Young and Crazy Horse,Broken Arrow,1996,V20,V,L3,Recommended,,
A2218,Neil Young and Crazy Horse,Year of the Horse,1997,V20,V,L3,Deep cut,,
A2219,"Crosby, Stills, Nash & Young",Looking Forward,1999,V20,V,L2,Deep cut,,
A2220,Neil Young,Silver & Gold,2000,V20,V,L2,Recommended,,
A2221,Neil Young and Crazy Horse,Greendale,2003,V20,V,L2,Recommended,,
A2222,Neil Young,Prairie Wind,2005,V20,V,L2,Recommended,,
A2223,Neil Young,Living with War,2006,V20,V,L2,Deep cut,,
A2224,Neil Young,Chrome Dreams II,2007,V20,V,L2,Recommended,,
A2225,Neil Young,Live at Massey Hall 1971,2007,V20,V,L2,Recommended,,
A2226,Neil Young,Le Noise,2010,V20,V,L2,Recommended,,
A2227,Neil Young and Crazy Horse,Americana,2012,V20,V,L2,Deep cut,,
A2228,Neil Young and Crazy Horse,Psychedelic Pill,2012,V20,V,L2,Recommended,,
A2229,Neil Young,Live at the Cellar Door,2013,V20,V,L2,Deep cut,,
A2230,Neil Young,Hitchhiker,2017,V20,V,L1,Recommended,,
A2231,Neil Young and Crazy Horse,Colorado,2019,V20,V,L1,Recommended,,
A2232,Neil Young and the Stray Gators,Tuscaloosa,2019,V20,V,L1,Deep cut,,
A2233,Neil Young,Homegrown,2020,V20,V,L1,Recommended,,
A2234,Neil Young and Crazy Horse,Barn,2021,V20,V,L1,Recommended,,
A2235,Neil Young and Crazy Horse,Toast,2022,V20,V,L1,Deep cut,,
A2236,Neil Young and Crazy Horse,World Record,2022,V20,V,L1,Recommended,,
A2237,Neil Young,Chrome Dreams,2023,V20,V,L1,Recommended,,
A2238,Neil Young and Crazy Horse,Early Daze,2024,V20,V,L1,Deep cut,,
A2239,Neil Young with Crazy Horse,Fu##in' Up,2024,V20,V,L1,Deep cut,,
A2240,Neil Young,Oceanside Countryside,2025,V20,V,L1,Deep cut,,
A2241,Neil Young and the Chrome Hearts,Talkin to the Trees,2025,V20,V,L1,Recommended,,
A2887,Big Fat Cow,Glutton For Punishment,2022,C1,Core,L1,Deep cut,,
A2888,Big Fat Cow,"Garbage in, Garbage out.",2025,C1,Core,L1,Deep cut,,
A2900,Dogwood Tales,sending,2024,C1,Core,L1,Deep cut,,
A2901,Dogwood Tales,Rodeo,2023,C1,Core,L1,Deep cut,,
A2902,Dogwood Tales,13 Summers 13 Falls,2023,C1,Core,L1,Deep cut,,
A2903,Dogwood Tales,Every Star in Rockingham County,2026,C1,Core,L1,Recommended,,
A2908,Glass-Beagle,Spring Sword Chatter,2024,C1,Core,L1,Deep cut,,
A2916,Local Superstar,Local Superstar,2024,C1,Core,L1,Deep cut,,
A2921,Haysop,Haysop,2025,C1,Core,L1,Deep cut,,
A2924,Save Henry,Save Henry EP,2020,C1,Core,L1,Deep cut,,
A2925,Save Henry,Kyle,2019,C1,Core,L1,Deep cut,,
A2930,St. Marlboro,Photo Album,2021,C1,Core,L1,Deep cut,,
A2931,St. Marlboro,St. Marlboro,2025,C1,Core,L1,Deep cut,,
A2936,Walker Rider,Cowboy Angel,2022,C1,Core,L1,Deep cut,,
A2942,vegas water taxi,things are gonna be alright,2023,C1,Core,L1,Deep cut,,
A2943,vegas water taxi,"long time caller, first time listener",2026,C1,Core,L1,Deep cut,,
A2944,hey i'm outside,hey i'm outside,2024,C1,Core,L1,Deep cut,,
A2945,hey i'm outside,Loud Ass Barking Dogs,2026,C1,Core,L1,Deep cut,,
