name,facet,subject_types,object_types,symmetric,lineage,description
in_lane,genre_style,album,lane,false,false,"The album sits in a map lane; qualifier primary or secondary."
lane_parent,genre_style,lane,lane,false,false,"A lane descends from a parent lane in the same map."
has_genre,genre_style,album|artist,genre,false,false,"A genre the album or artist carries; qualifier votes or vocabulary."
from_scene,place_period,album|artist,scene,false,false,"The album or artist belongs to a scene: a place, a period and a circle of people."
based_in,place_period,artist,area,false,false,"The artist is based in an area; qualifiers from and to."
recorded_at,place_period,album,place|area,false,false,"The album was recorded at a place or in an area; qualifier dates."
member_of,people,artist,artist,false,false,"A person is or was a member of a group; qualifiers from, to, instrument."
credited_on,people,artist,album|recording,false,false,"A person is credited on an album or recording; qualifier role (producer, engineer, pedal steel, songwriter, ...)."
released_by,label,album,label,false,false,"The album was released by a label; qualifiers year, catalog."
influenced_by,lineage,album|artist,album|artist|genre,false,true,"The newer album or artist was influenced by the older album, artist or genre; documented or reported only."
sounds_like,lineage,album,album|artist,false,true,"The newer album sounds like the older album or artist; always inferred."
covers,lineage,recording|album,work|recording|album,false,true,"The newer recording or album covers the older work, recording or album."
samples,lineage,recording,recording,false,true,"The newer recording samples the older one."
associated_with,lineage,artist,artist,true,false,"Two artists worked, played or recorded together; stored once with the lower entity id as subject; qualifier kind (collaborator, bandmate, backing). Touring alone is toured_with."
toured_with,people,artist,artist,true,false,"Two artists toured or shared bills as separate acts (opened for, supported, co-headlined); stored once with the lower entity id as subject; qualifiers role, year."
performs_as,people,artist,artist,false,false,"A person records or performs under a stage name or solo project (Katie Crutchfield performs as Waxahatchee)."
renamed_from,people,artist,artist,false,false,"A group or project was earlier known by another name (Crazy Horse renamed from The Rockets); the newer name is the subject."
interpolates,lineage,recording|album,recording|work,false,true,"The newer recording borrows the melody or lyric of an older song (interpolation, adaptation); qualifier track."
tribute_to,lineage,album|recording,artist|album|recording|work,false,false,"The album or song pays tribute or homage to an artist, writer or work (a tribute album, a song written for someone); qualifier kind."
named_after,lineage,album|recording|artist,recording|work|album|artist,false,false,"The album, song or band takes its name from an older song, work (a poem, a slogan), album or artist."
references,lineage,album|recording,recording|work|album|artist,false,false,"A song's lyric or an album names or quotes an older song, album or artist without borrowing its melody (that is interpolates); qualifier track."
based_on,lineage,album|recording|work,work,false,false,"A song or album adapts a non-musical work (a poem, story or film) or sets another writer's words to music; qualifiers track, kind."
appears_in,lineage,recording|work|album,work,false,false,"A song or album is used in a film, TV episode, advert or game; qualifiers kind (film, tv, advert, game), year."
relative_of,people,artist,artist,true,false,"Two people are family; stored once with the lower entity id as subject; qualifier relation (brother, great-grandfather, ...)."
path_next,lineage,album,album,false,false,"The next album on a map's listening path; qualifiers path, step."
has_tag,sound_mood,album,tag,false,false,"The album carries a tag (instrument, voice, guitar, writing, mood, production, function, context)."
on_list,source,album,list,false,false,"The album is on a list; qualifiers position, priority."
